ID,Prediction1
0,79
1,48
2,33
3,20
4,15
5,44
6,16
7,15
8,51
9,80
10,17
11,61
12,23
13,73
14,39
15,4
16,27
17,99
18,51
19,6
20,10
21,53
22,78
23,64
24,18
25,13
26,69
27,37
28,99
29,15
30,56
31,12
32,26
33,78
34,74
35,65
36,71
37,97
38,56
39,87
40,84
41,8
42,65
43,54
44,26
45,78
46,10
47,40
48,22
49,21
50,8
51,22
52,74
53,61
54,48
55,61
56,71
57,42
58,24
59,78
60,98
61,85
62,24
63,26
64,42
65,37
66,20
67,45
68,90
69,88
70,41
71,63
72,39
73,20
74,99
75,73
76,67
77,24
78,62
79,15
80,64
81,79
82,53
83,80
84,82
85,85
86,41
87,81
88,4
89,71
90,1
91,51
92,98
93,98
94,58
95,78
96,85
97,41
98,86
99,91
100,44
101,4
102,2
103,98
104,98
105,41
106,31
107,60
108,34
109,77
110,42
111,31
112,18
113,44
114,42
115,71
116,20
117,82
118,26
119,2
120,98
121,8
122,51
123,46
124,92
125,44
126,41
127,88
128,84
129,89
130,42
131,49
132,8
133,69
134,87
135,25
136,8
137,28
138,8
139,39
140,14
141,7
142,48
143,47
144,65
145,9
146,10
147,48
148,59
149,43
150,6
151,18
152,33
153,86
154,80
155,8
156,41
157,8
158,80
159,25
160,12
161,22
162,50
163,45
164,26
165,26
166,5
167,1
168,89
169,98
170,15
171,15
172,88
173,85
174,53
175,99
176,96
177,5
178,27
179,18
180,39
181,65
182,58
183,77
184,9
185,85
186,5
187,42
188,28
189,26
190,42
191,46
192,92
193,41
194,46
195,91
196,45
197,4
198,37
199,5
200,18
201,39
202,84
203,75
204,8
205,8
206,36
207,95
208,99
209,69
210,62
211,45
212,47
213,48
214,99
215,16
216,17
217,94
218,8
219,46
220,51
221,77
222,44
223,75
224,17
225,76
226,15
227,98
228,78
229,88
230,85
231,57
232,57
233,57
234,85
235,1
236,75
237,53
238,90
239,7
240,68
241,97
242,44
243,43
244,67
245,11
246,90
247,82
248,26
249,16
250,5
251,33
252,98
253,97
254,54
255,73
256,68
257,37
258,29
259,71
260,1
261,63
262,27
263,26
264,44
265,98
266,84
267,90
268,7
269,88
270,63
271,89
272,85
273,81
274,93
275,72
276,7
277,59
278,39
279,7
280,62
281,22
282,16
283,34
284,5
285,70
286,66
287,4
288,7
289,70
290,46
291,33
292,78
293,47
294,43
295,99
296,28
297,8
298,48
299,36
300,63
301,50
302,91
303,56
304,99
305,25
306,0
307,8
308,8
309,84
310,66
311,60
312,20
313,80
314,44
315,21
316,41
317,7
318,42
319,15
320,73
321,48
322,59
323,56
324,26
325,96
326,81
327,8
328,97
329,55
330,34
331,75
332,21
333,84
334,19
335,78
336,7
337,49
338,34
339,42
340,50
341,58
342,18
343,47
344,36
345,8
346,84
347,7
348,22
349,99
350,29
351,51
352,25
353,76
354,88
355,48
356,74
357,26
358,99
359,30
360,8
361,78
362,34
363,41
364,45
365,40
366,57
367,85
368,5
369,54
370,86
371,7
372,85
373,45
374,39
375,55
376,32
377,78
378,2
379,94
380,51
381,45
382,73
383,67
384,74
385,17
386,60
387,89
388,28
389,80
390,7
391,51
392,46
393,69
394,21
395,60
396,47
397,47
398,17
399,6
400,81
401,77
402,30
403,73
404,39
405,13
406,2
407,18
408,58
409,18
410,89
411,75
412,99
413,9
414,38
415,30
416,5
417,5
418,18
419,42
420,47
421,52
422,65
423,23
424,41
425,12
426,43
427,14
428,65
429,8
430,61
431,87
432,85
433,60
434,24
435,99
436,4
437,6
438,20
439,12
440,63
441,90
442,37
443,91
444,85
445,87
446,62
447,44
448,7
449,78
450,5
451,20
452,83
453,98
454,85
455,51
456,81
457,51
458,77
459,18
460,88
461,39
462,78
463,26
464,5
465,78
466,96
467,19
468,16
469,14
470,80
471,8
472,79
473,63
474,60
475,16
476,99
477,63
478,30
479,78
480,1
481,61
482,46
483,61
484,51
485,50
486,17
487,87
488,29
489,42
490,11
491,5
492,95
493,61
494,0
495,8
496,77
497,99
498,65
499,5
500,88
501,18
502,82
503,43
504,56
505,96
506,88
507,40
508,85
509,60
510,42
511,7
512,65
513,27
514,26
515,7
516,2
517,0
518,8
519,93
520,29
521,33
522,53
523,28
524,6
525,83
526,45
527,85
528,42
529,8
530,73
531,73
532,19
533,8
534,82
535,51
536,77
537,84
538,10
539,47
540,30
541,6
542,2
543,6
544,77
545,61
546,42
547,93
548,52
549,99
550,12
551,46
552,8
553,20
554,77
555,57
556,98
557,64
558,62
559,1
560,41
561,19
562,24
563,5
564,62
565,26
566,96
567,25
568,42
569,28
570,41
571,38
572,47
573,62
574,78
575,27
576,79
577,54
578,26
579,48
580,52
581,14
582,15
583,38
584,79
585,61
586,70
587,43
588,15
589,39
590,99
591,52
592,99
593,22
594,28
595,44
596,44
597,91
598,22
599,59
600,0
601,4
602,69
603,87
604,77
605,29
606,78
607,9
608,1
609,22
610,73
611,56
612,41
613,35
614,42
615,38
616,27
617,98
618,9
619,82
620,6
621,43
622,92
623,63
624,99
625,48
626,59
627,65
628,8
629,57
630,82
631,1
632,98
633,26
634,37
635,54
636,86
637,24
638,26
639,70
640,8
641,49
642,28
643,70
644,28
645,5
646,81
647,46
648,33
649,57
650,62
651,59
652,8
653,85
654,58
655,53
656,1
657,15
658,55
659,27
660,79
661,99
662,51
663,82
664,86
665,20
666,38
667,76
668,63
669,56
670,34
671,37
672,99
673,48
674,21
675,49
676,88
677,85
678,44
679,60
680,13
681,69
682,89
683,44
684,7
685,15
686,24
687,89
688,52
689,85
690,61
691,0
692,65
693,20
694,21
695,88
696,27
697,43
698,88
699,55
700,8
701,69
702,33
703,78
704,61
705,71
706,70
707,63
708,63
709,48
710,39
711,24
712,51
713,85
714,51
715,8
716,51
717,38
718,78
719,80
720,88
721,63
722,77
723,45
724,73
725,18
726,6
727,51
728,47
729,34
730,17
731,78
732,7
733,86
734,86
735,36
736,11
737,85
738,22
739,9
740,93
741,19
742,85
743,85
744,19
745,78
746,86
747,75
748,70
749,5
750,69
751,53
752,93
753,28
754,63
755,2
756,27
757,11
758,21
759,78
760,29
761,99
762,59
763,7
764,6
765,43
766,68
767,61
768,16
769,48
770,92
771,47
772,10
773,16
774,93
775,44
776,88
777,42
778,54
779,96
780,41
781,90
782,71
783,2
784,95
785,95
786,92
787,68
788,49
789,28
790,8
791,48
792,80
793,22
794,88
795,7
796,78
797,63
798,82
799,68
800,8
801,77
802,34
803,16
804,75
805,70
806,2
807,80
808,70
809,10
810,14
811,49
812,8
813,41
814,15
815,41
816,60
817,8
818,33
819,36
820,39
821,52
822,59
823,29
824,85
825,99
826,20
827,33
828,8
829,77
830,16
831,53
832,58
833,73
834,21
835,46
836,91
837,52
838,66
839,43
840,65
841,83
842,5
843,13
844,86
845,48
846,46
847,26
848,90
849,69
850,1
851,57
852,33
853,90
854,6
855,36
856,15
857,42
858,38
859,47
860,44
861,73
862,41
863,8
864,81
865,53
866,51
867,51
868,19
869,80
870,55
871,2
872,58
873,25
874,12
875,95
876,60
877,19
878,87
879,94
880,57
881,55
882,2
883,5
884,66
885,79
886,26
887,68
888,16
889,28
890,56
891,51
892,98
893,87
894,22
895,1
896,5
897,7
898,18
899,41
900,61
901,5
902,18
903,6
904,71
905,8
906,79
907,47
908,31
909,86
910,11
911,33
912,37
913,15
914,16
915,70
916,13
917,66
918,85
919,26
920,83
921,7
922,4
923,96
924,16
925,27
926,42
927,84
928,85
929,45
930,55
931,23
932,79
933,47
934,48
935,45
936,51
937,12
938,68
939,0
940,90
941,27
942,86
943,15
944,86
945,58
946,22
947,16
948,63
949,48
950,0
951,88
952,98
953,34
954,47
955,63
956,73
957,26
958,15
959,58
960,89
961,36
962,70
963,27
964,91
965,84
966,12
967,38
968,44
969,16
970,85
971,84
972,48
973,39
974,86
975,33
976,48
977,41
978,56
979,47
980,39
981,26
982,24
983,71
984,54
985,37
986,64
987,5
988,20
989,56
990,68
991,88
992,77
993,48
994,63
995,68
996,44
997,63
998,60
999,5
1000,17
1001,71
1002,8
1003,46
1004,22
1005,88
1006,24
1007,78
1008,31
1009,8
1010,19
1011,27
1012,70
1013,98
1014,41
1015,34
1016,68
1017,2
1018,99
1019,28
1020,94
1021,16
1022,5
1023,58
1024,14
1025,53
1026,48
1027,54
1028,66
1029,7
1030,12
1031,96
1032,41
1033,41
1034,47
1035,67
1036,38
1037,16
1038,6
1039,8
1040,64
1041,56
1042,20
1043,77
1044,49
1045,58
1046,33
1047,6
1048,73
1049,69
1050,81
1051,89
1052,37
1053,1
1054,86
1055,99
1056,15
1057,54
1058,55
1059,12
1060,75
1061,82
1062,58
1063,13
1064,54
1065,5
1066,79
1067,33
1068,36
1069,47
1070,81
1071,69
1072,53
1073,33
1074,84
1075,71
1076,51
1077,47
1078,71
1079,33
1080,39
1081,92
1082,2
1083,9
1084,18
1085,65
1086,58
1087,41
1088,17
1089,78
1090,51
1091,77
1092,91
1093,99
1094,39
1095,65
1096,28
1097,52
1098,12
1099,24
1100,22
1101,65
1102,60
1103,62
1104,90
1105,20
1106,44
1107,83
1108,88
1109,0
1110,69
1111,12
1112,71
1113,70
1114,45
1115,7
1116,19
1117,97
1118,6
1119,45
1120,8
1121,96
1122,56
1123,84
1124,12
1125,12
1126,40
1127,61
1128,42
1129,78
1130,42
1131,77
1132,33
1133,69
1134,13
1135,71
1136,47
1137,7
1138,76
1139,2
1140,8
1141,73
1142,51
1143,44
1144,47
1145,65
1146,10
1147,91
1148,79
1149,60
1150,6
1151,78
1152,70
1153,71
1154,85
1155,59
1156,56
1157,65
1158,78
1159,89
1160,84
1161,26
1162,23
1163,85
1164,89
1165,41
1166,17
1167,77
1168,7
1169,63
1170,42
1171,7
1172,53
1173,27
1174,95
1175,41
1176,7
1177,92
1178,51
1179,6
1180,70
1181,58
1182,20
1183,87
1184,63
1185,34
1186,39
1187,6
1188,42
1189,48
1190,19
1191,27
1192,99
1193,82
1194,0
1195,8
1196,95
1197,20
1198,59
1199,18
1200,19
1201,20
1202,19
1203,16
1204,48
1205,99
1206,65
1207,55
1208,16
1209,88
1210,51
1211,4
1212,7
1213,97
1214,68
1215,26
1216,80
1217,99
1218,77
1219,98
1220,16
1221,27
1222,16
1223,80
1224,38
1225,12
1226,58
1227,98
1228,49
1229,77
1230,33
1231,71
1232,18
1233,7
1234,49
1235,62
1236,84
1237,86
1238,49
1239,43
1240,8
1241,12
1242,55
1243,75
1244,16
1245,60
1246,52
1247,99
1248,9
1249,5
1250,26
1251,27
1252,72
1253,84
1254,84
1255,68
1256,62
1257,55
1258,39
1259,37
1260,33
1261,2
1262,5
1263,63
1264,96
1265,26
1266,2
1267,88
1268,48
1269,8
1270,47
1271,6
1272,78
1273,8
1274,86
1275,79
1276,66
1277,66
1278,62
1279,86
1280,24
1281,58
1282,88
1283,24
1284,4
1285,73
1286,75
1287,17
1288,85
1289,63
1290,44
1291,78
1292,79
1293,26
1294,85
1295,74
1296,49
1297,5
1298,4
1299,62
1300,43
1301,26
1302,36
1303,23
1304,24
1305,51
1306,77
1307,89
1308,48
1309,43
1310,70
1311,78
1312,62
1313,84
1314,56
1315,84
1316,85
1317,94
1318,96
1319,96
1320,83
1321,55
1322,8
1323,85
1324,91
1325,22
1326,47
1327,92
1328,17
1329,70
1330,7
1331,83
1332,14
1333,58
1334,2
1335,36
1336,71
1337,78
1338,42
1339,63
1340,27
1341,14
1342,41
1343,60
1344,69
1345,16
1346,81
1347,27
1348,78
1349,46
1350,8
1351,4
1352,99
1353,53
1354,92
1355,86
1356,16
1357,62
1358,78
1359,36
1360,8
1361,6
1362,32
1363,77
1364,8
1365,84
1366,84
1367,67
1368,68
1369,43
1370,51
1371,42
1372,33
1373,70
1374,39
1375,56
1376,62
1377,83
1378,47
1379,90
1380,33
1381,7
1382,75
1383,19
1384,90
1385,75
1386,93
1387,50
1388,95
1389,85
1390,55
1391,26
1392,41
1393,5
1394,17
1395,22
1396,26
1397,45
1398,44
1399,23
1400,33
1401,62
1402,39
1403,99
1404,7
1405,81
1406,49
1407,54
1408,16
1409,84
1410,68
1411,6
1412,15
1413,16
1414,48
1415,34
1416,28
1417,87
1418,69
1419,68
1420,18
1421,91
1422,7
1423,29
1424,8
1425,8
1426,86
1427,86
1428,16
1429,55
1430,94
1431,78
1432,28
1433,73
1434,8
1435,85
1436,82
1437,24
1438,60
1439,22
1440,44
1441,45
1442,1
1443,20
1444,70
1445,96
1446,61
1447,99
1448,58
1449,16
1450,96
1451,2
1452,9
1453,93
1454,37
1455,1
1456,58
1457,44
1458,8
1459,13
1460,53
1461,80
1462,89
1463,76
1464,20
1465,3
1466,1
1467,7
1468,59
1469,44
1470,92
1471,58
1472,42
1473,78
1474,13
1475,88
1476,79
1477,84
1478,30
1479,42
1480,62
1481,16
1482,8
1483,39
1484,24
1485,29
1486,55
1487,30
1488,26
1489,18
1490,8
1491,73
1492,33
1493,15
1494,51
1495,51
1496,73
1497,47
1498,65
1499,1
1500,85
1501,52
1502,78
1503,0
1504,22
1505,84
1506,4
1507,19
1508,24
1509,84
1510,39
1511,8
1512,73
1513,58
1514,36
1515,27
1516,70
1517,56
1518,17
1519,60
1520,90
1521,73
1522,79
1523,56
1524,75
1525,42
1526,8
1527,4
1528,8
1529,59
1530,52
1531,12
1532,8
1533,23
1534,86
1535,12
1536,15
1537,51
1538,77
1539,19
1540,52
1541,62
1542,24
1543,78
1544,56
1545,83
1546,86
1547,80
1548,6
1549,71
1550,25
1551,20
1552,4
1553,5
1554,99
1555,61
1556,33
1557,62
1558,55
1559,91
1560,12
1561,33
1562,22
1563,20
1564,7
1565,83
1566,80
1567,24
1568,59
1569,20
1570,33
1571,29
1572,69
1573,93
1574,38
1575,62
1576,85
1577,33
1578,81
1579,62
1580,33
1581,58
1582,96
1583,33
1584,34
1585,34
1586,93
1587,44
1588,61
1589,4
1590,77
1591,33
1592,91
1593,42
1594,1
1595,23
1596,27
1597,79
1598,31
1599,2
1600,8
1601,79
1602,82
1603,33
1604,8
1605,23
1606,79
1607,16
1608,24
1609,58
1610,39
1611,79
1612,16
1613,58
1614,71
1615,84
1616,90
1617,68
1618,42
1619,8
1620,16
1621,92
1622,51
1623,81
1624,84
1625,59
1626,24
1627,89
1628,1
1629,63
1630,8
1631,78
1632,96
1633,0
1634,74
1635,4
1636,42
1637,75
1638,19
1639,80
1640,80
1641,7
1642,44
1643,85
1644,56
1645,30
1646,78
1647,59
1648,16
1649,28
1650,97
1651,45
1652,9
1653,78
1654,89
1655,99
1656,79
1657,81
1658,19
1659,30
1660,44
1661,26
1662,17
1663,70
1664,40
1665,65
1666,71
1667,60
1668,26
1669,8
1670,86
1671,98
1672,2
1673,0
1674,56
1675,48
1676,29
1677,27
1678,59
1679,87
1680,69
1681,78
1682,90
1683,74
1684,7
1685,21
1686,38
1687,51
1688,48
1689,82
1690,6
1691,22
1692,60
1693,28
1694,85
1695,66
1696,66
1697,77
1698,22
1699,57
1700,19
1701,62
1702,53
1703,8
1704,33
1705,14
1706,34
1707,6
1708,38
1709,40
1710,88
1711,71
1712,53
1713,8
1714,85
1715,47
1716,63
1717,93
1718,92
1719,78
1720,21
1721,86
1722,0
1723,71
1724,54
1725,7
1726,49
1727,52
1728,94
1729,12
1730,26
1731,85
1732,82
1733,79
1734,56
1735,85
1736,77
1737,58
1738,61
1739,15
1740,75
1741,23
1742,91
1743,7
1744,39
1745,20
1746,78
1747,78
1748,54
1749,66
1750,20
1751,8
1752,78
1753,9
1754,7
1755,56
1756,84
1757,63
1758,99
1759,2
1760,0
1761,59
1762,38
1763,63
1764,5
1765,57
1766,55
1767,22
1768,0
1769,47
1770,15
1771,53
1772,33
1773,37
1774,93
1775,76
1776,26
1777,78
1778,45
1779,90
1780,85
1781,71
1782,85
1783,93
1784,23
1785,85
1786,54
1787,96
1788,87
1789,97
1790,41
1791,26
1792,58
1793,37
1794,28
1795,49
1796,79
1797,42
1798,20
1799,42
1800,42
1801,59
1802,27
1803,5
1804,9
1805,26
1806,27
1807,20
1808,74
1809,19
1810,98
1811,16
1812,33
1813,48
1814,80
1815,56
1816,33
1817,76
1818,12
1819,5
1820,19
1821,9
1822,53
1823,77
1824,48
1825,16
1826,5
1827,26
1828,12
1829,71
1830,17
1831,6
1832,54
1833,18
1834,82
1835,20
1836,63
1837,84
1838,34
1839,65
1840,55
1841,66
1842,34
1843,61
1844,85
1845,85
1846,77
1847,46
1848,87
1849,51
1850,73
1851,89
1852,79
1853,35
1854,38
1855,18
1856,65
1857,51
1858,33
1859,55
1860,94
1861,54
1862,2
1863,16
1864,65
1865,9
1866,83
1867,53
1868,78
1869,18
1870,70
1871,45
1872,28
1873,80
1874,82
1875,98
1876,56
1877,18
1878,82
1879,99
1880,56
1881,84
1882,16
1883,47
1884,84
1885,82
1886,8
1887,49
1888,36
1889,83
1890,27
1891,15
1892,15
1893,49
1894,42
1895,39
1896,63
1897,88
1898,86
1899,58
1900,54
1901,36
1902,85
1903,94
1904,34
1905,63
1906,78
1907,26
1908,16
1909,6
1910,78
1911,20
1912,4
1913,8
1914,50
1915,83
1916,56
1917,24
1918,87
1919,75
1920,98
1921,98
1922,47
1923,20
1924,98
1925,45
1926,63
1927,7
1928,57
1929,99
1930,39
1931,47
1932,86
1933,98
1934,20
1935,88
1936,67
1937,46
1938,54
1939,95
1940,82
1941,29
1942,7
1943,44
1944,28
1945,68
1946,26
1947,13
1948,80
1949,4
1950,69
1951,23
1952,88
1953,78
1954,41
1955,21
1956,68
1957,10
1958,57
1959,27
1960,23
1961,85
1962,19
1963,25
1964,89
1965,20
1966,28
1967,54
1968,39
1969,37
1970,60
1971,58
1972,55
1973,71
1974,70
1975,71
1976,55
1977,78
1978,69
1979,49
1980,60
1981,48
1982,2
1983,77
1984,59
1985,69
1986,4
1987,85
1988,44
1989,0
1990,16
1991,99
1992,23
1993,93
1994,16
1995,78
1996,54
1997,58
1998,70
1999,53
2000,69
2001,8
2002,79
2003,92
2004,18
2005,2
2006,17
2007,62
2008,52
2009,78
2010,30
2011,84
2012,61
2013,77
2014,45
2015,36
2016,47
2017,48
2018,59
2019,52
2020,42
2021,77
2022,0
2023,25
2024,17
2025,49
2026,19
2027,19
2028,1
2029,16
2030,5
2031,86
2032,68
2033,81
2034,39
2035,36
2036,17
2037,17
2038,57
2039,75
2040,33
2041,47
2042,77
2043,78
2044,78
2045,15
2046,65
2047,77
2048,15
2049,42
2050,44
2051,56
2052,81
2053,15
2054,48
2055,58
2056,49
2057,26
2058,84
2059,37
2060,62
2061,20
2062,90
2063,78
2064,2
2065,55
2066,78
2067,58
2068,71
2069,9
2070,6
2071,22
2072,86
2073,22
2074,87
2075,68
2076,11
2077,16
2078,84
2079,8
2080,47
2081,54
2082,12
2083,58
2084,28
2085,33
2086,7
2087,99
2088,89
2089,78
2090,48
2091,8
2092,73
2093,41
2094,34
2095,5
2096,26
2097,56
2098,73
2099,78
2100,49
2101,1
2102,75
2103,48
2104,56
2105,86
2106,48
2107,49
2108,8
2109,70
2110,99
2111,41
2112,20
2113,2
2114,67
2115,45
2116,38
2117,78
2118,58
2119,85
2120,51
2121,45
2122,16
2123,8
2124,87
2125,97
2126,23
2127,26
2128,15
2129,33
2130,89
2131,22
2132,19
2133,74
2134,84
2135,40
2136,97
2137,26
2138,18
2139,89
2140,90
2141,5
2142,70
2143,36
2144,8
2145,84
2146,42
2147,48
2148,7
2149,83
2150,5
2151,46
2152,28
2153,51
2154,28
2155,46
2156,32
2157,99
2158,10
2159,51
2160,58
2161,25
2162,2
2163,2
2164,5
2165,55
2166,78
2167,78
2168,91
2169,58
2170,29
2171,98
2172,93
2173,65
2174,84
2175,16
2176,68
2177,63
2178,62
2179,42
2180,61
2181,79
2182,78
2183,11
2184,52
2185,78
2186,46
2187,29
2188,20
2189,15
2190,70
2191,5
2192,16
2193,63
2194,33
2195,9
2196,18
2197,91
2198,52
2199,27
2200,0
2201,79
2202,12
2203,6
2204,16
2205,1
2206,87
2207,2
2208,74
2209,89
2210,19
2211,98
2212,20
2213,65
2214,96
2215,99
2216,62
2217,49
2218,47
2219,49
2220,79
2221,6
2222,95
2223,77
2224,81
2225,54
2226,1
2227,46
2228,16
2229,30
2230,17
2231,62
2232,99
2233,99
2234,62
2235,27
2236,58
2237,62
2238,92
2239,24
2240,28
2241,60
2242,61
2243,33
2244,7
2245,81
2246,48
2247,98
2248,99
2249,49
2250,8
2251,2
2252,58
2253,55
2254,98
2255,30
2256,47
2257,24
2258,42
2259,99
2260,88
2261,29
2262,60
2263,3
2264,91
2265,86
2266,85
2267,36
2268,78
2269,5
2270,53
2271,17
2272,7
2273,74
2274,1
2275,90
2276,62
2277,6
2278,23
2279,73
2280,8
2281,39
2282,66
2283,37
2284,49
2285,22
2286,48
2287,3
2288,57
2289,30
2290,41
2291,48
2292,14
2293,33
2294,7
2295,18
2296,52
2297,33
2298,82
2299,95
2300,75
2301,15
2302,85
2303,42
2304,43
2305,98
2306,58
2307,24
2308,73
2309,70
2310,59
2311,36
2312,51
2313,26
2314,78
2315,86
2316,31
2317,16
2318,85
2319,85
2320,45
2321,57
2322,85
2323,78
2324,93
2325,15
2326,5
2327,5
2328,2
2329,48
2330,7
2331,12
2332,76
2333,23
2334,45
2335,45
2336,5
2337,87
2338,99
2339,76
2340,52
2341,4
2342,2
2343,1
2344,23
2345,85
2346,85
2347,71
2348,24
2349,6
2350,87
2351,98
2352,60
2353,37
2354,98
2355,43
2356,16
2357,9
2358,66
2359,90
2360,71
2361,77
2362,58
2363,9
2364,15
2365,6
2366,79
2367,62
2368,73
2369,78
2370,88
2371,99
2372,71
2373,73
2374,62
2375,59
2376,26
2377,51
2378,73
2379,48
2380,82
2381,42
2382,37
2383,1
2384,53
2385,18
2386,63
2387,9
2388,65
2389,73
2390,65
2391,87
2392,85
2393,85
2394,65
2395,44
2396,64
2397,77
2398,6
2399,60
2400,65
2401,12
2402,32
2403,56
2404,91
2405,33
2406,89
2407,92
2408,81
2409,15
2410,18
2411,56
2412,41
2413,16
2414,26
2415,89
2416,33
2417,82
2418,62
2419,68
2420,94
2421,18
2422,91
2423,80
2424,91
2425,15
2426,7
2427,16
2428,67
2429,10
2430,75
2431,85
2432,45
2433,67
2434,30
2435,25
2436,51
2437,89
2438,78
2439,19
2440,17
2441,53
2442,38
2443,84
2444,26
2445,7
2446,18
2447,61
2448,56
2449,69
2450,88
2451,15
2452,27
2453,12
2454,42
2455,82
2456,9
2457,71
2458,32
2459,84
2460,5
2461,59
2462,49
2463,60
2464,8
2465,92
2466,8
2467,38
2468,42
2469,86
2470,65
2471,46
2472,73
2473,41
2474,96
2475,57
2476,13
2477,52
2478,44
2479,82
2480,54
2481,1
2482,19
2483,12
2484,98
2485,63
2486,65
2487,8
2488,61
2489,99
2490,10
2491,23
2492,8
2493,57
2494,88
2495,16
2496,86
2497,0
2498,6
2499,42
2500,29
2501,87
2502,26
2503,80
2504,54
2505,29
2506,41
2507,65
2508,13
2509,7
2510,47
2511,34
2512,74
2513,56
2514,90
2515,41
2516,22
2517,2
2518,47
2519,9
2520,48
2521,53
2522,93
2523,98
2524,79
2525,59
2526,94
2527,38
2528,63
2529,75
2530,91
2531,21
2532,24
2533,43
2534,94
2535,89
2536,23
2537,52
2538,56
2539,58
2540,85
2541,78
2542,47
2543,37
2544,55
2545,26
2546,28
2547,98
2548,62
2549,95
2550,62
2551,26
2552,24
2553,95
2554,15
2555,57
2556,20
2557,52
2558,85
2559,85
2560,54
2561,71
2562,8
2563,57
2564,20
2565,85
2566,93
2567,44
2568,63
2569,16
2570,12
2571,41
2572,76
2573,71
2574,88
2575,65
2576,84
2577,55
2578,13
2579,94
2580,1
2581,40
2582,78
2583,70
2584,28
2585,22
2586,78
2587,22
2588,84
2589,70
2590,90
2591,5
2592,14
2593,7
2594,63
2595,63
2596,96
2597,90
2598,12
2599,99
2600,42
2601,37
2602,23
2603,59
2604,86
2605,85
2606,79
2607,85
2608,65
2609,66
2610,85
2611,47
2612,30
2613,61
2614,38
2615,15
2616,37
2617,15
2618,45
2619,57
2620,82
2621,20
2622,58
2623,80
2624,68
2625,14
2626,61
2627,98
2628,78
2629,58
2630,48
2631,29
2632,15
2633,33
2634,63
2635,16
2636,27
2637,43
2638,78
2639,9
2640,68
2641,54
2642,60
2643,28
2644,48
2645,20
2646,50
2647,99
2648,63
2649,82
2650,81
2651,94
2652,85
2653,88
2654,25
2655,9
2656,10
2657,5
2658,44
2659,66
2660,93
2661,46
2662,63
2663,16
2664,35
2665,85
2666,54
2667,40
2668,31
2669,82
2670,65
2671,53
2672,34
2673,92
2674,15
2675,25
2676,81
2677,39
2678,33
2679,41
2680,54
2681,9
2682,85
2683,39
2684,20
2685,61
2686,99
2687,12
2688,95
2689,90
2690,79
2691,3
2692,60
2693,50
2694,37
2695,0
2696,27
2697,60
2698,89
2699,99
2700,99
2701,45
2702,54
2703,8
2704,96
2705,24
2706,29
2707,5
2708,93
2709,18
2710,51
2711,70
2712,93
2713,39
2714,60
2715,96
2716,42
2717,87
2718,40
2719,78
2720,60
2721,68
2722,54
2723,58
2724,5
2725,24
2726,78
2727,78
2728,47
2729,98
2730,86
2731,69
2732,77
2733,98
2734,98
2735,9
2736,57
2737,28
2738,85
2739,17
2740,33
2741,19
2742,10
2743,54
2744,46
2745,55
2746,48
2747,91
2748,15
2749,5
2750,28
2751,58
2752,71
2753,57
2754,73
2755,48
2756,85
2757,46
2758,18
2759,98
2760,83
2761,70
2762,82
2763,77
2764,98
2765,22
2766,65
2767,39
2768,55
2769,65
2770,23
2771,87
2772,7
2773,64
2774,22
2775,98
2776,94
2777,75
2778,86
2779,62
2780,41
2781,20
2782,16
2783,58
2784,8
2785,17
2786,91
2787,25
2788,16
2789,41
2790,97
2791,16
2792,59
2793,85
2794,39
2795,18
2796,78
2797,60
2798,44
2799,63
2800,29
2801,84
2802,59
2803,52
2804,58
2805,65
2806,19
2807,22
2808,74
2809,8
2810,70
2811,45
2812,23
2813,12
2814,55
2815,88
2816,27
2817,0
2818,8
2819,33
2820,98
2821,51
2822,95
2823,5
2824,30
2825,84
2826,47
2827,70
2828,36
2829,17
2830,63
2831,58
2832,0
2833,85
2834,40
2835,95
2836,17
2837,57
2838,4
2839,62
2840,16
2841,26
2842,77
2843,33
2844,28
2845,17
2846,48
2847,28
2848,16
2849,75
2850,91
2851,36
2852,75
2853,78
2854,47
2855,41
2856,33
2857,14
2858,97
2859,69
2860,40
2861,12
2862,58
2863,50
2864,52
2865,7
2866,8
2867,9
2868,6
2869,14
2870,84
2871,41
2872,93
2873,85
2874,78
2875,16
2876,57
2877,29
2878,48
2879,10
2880,97
2881,16
2882,7
2883,23
2884,49
2885,60
2886,86
2887,63
2888,71
2889,58
2890,82
2891,49
2892,92
2893,39
2894,88
2895,88
2896,41
2897,50
2898,70
2899,47
2900,26
2901,12
2902,9
2903,39
2904,97
2905,18
2906,26
2907,17
2908,86
2909,47
2910,77
2911,7
2912,45
2913,82
2914,4
2915,79
2916,91
2917,27
2918,43
2919,81
2920,25
2921,42
2922,81
2923,26
2924,82
2925,25
2926,2
2927,53
2928,6
2929,37
2930,26
2931,95
2932,85
2933,62
2934,34
2935,99
2936,22
2937,71
2938,41
2939,76
2940,69
2941,68
2942,85
2943,85
2944,44
2945,5
2946,29
2947,37
2948,98
2949,45
2950,78
2951,78
2952,48
2953,98
2954,8
2955,93
2956,57
2957,92
2958,57
2959,16
2960,5
2961,86
2962,56
2963,65
2964,28
2965,62
2966,2
2967,99
2968,63
2969,86
2970,33
2971,3
2972,28
2973,90
2974,20
2975,38
2976,19
2977,29
2978,74
2979,97
2980,85
2981,7
2982,46
2983,19
2984,27
2985,62
2986,41
2987,73
2988,50
2989,84
2990,54
2991,93
2992,4
2993,3
2994,2
2995,76
2996,20
2997,53
2998,55
2999,7
3000,88
3001,38
3002,62
3003,77
3004,61
3005,2
3006,23
3007,68
3008,15
3009,75
3010,93
3011,73
3012,5
3013,77
3014,8
3015,6
3016,25
3017,5
3018,93
3019,12
3020,79
3021,88
3022,94
3023,27
3024,99
3025,85
3026,12
3027,2
3028,70
3029,41
3030,54
3031,86
3032,53
3033,12
3034,78
3035,58
3036,48
3037,6
3038,19
3039,27
3040,15
3041,18
3042,56
3043,78
3044,98
3045,26
3046,18
3047,20
3048,90
3049,95
3050,61
3051,97
3052,73
3053,49
3054,68
3055,1
3056,63
3057,19
3058,17
3059,55
3060,65
3061,85
3062,96
3063,24
3064,23
3065,71
3066,63
3067,7
3068,64
3069,41
3070,71
3071,19
3072,46
3073,37
3074,33
3075,94
3076,60
3077,73
3078,93
3079,88
3080,73
3081,2
3082,52
3083,18
3084,43
3085,98
3086,25
3087,47
3088,78
3089,3
3090,22
3091,98
3092,20
3093,69
3094,1
3095,63
3096,48
3097,57
3098,6
3099,8
3100,43
3101,95
3102,18
3103,27
3104,79
3105,15
3106,11
3107,73
3108,99
3109,33
3110,72
3111,41
3112,59
3113,28
3114,59
3115,90
3116,78
3117,2
3118,10
3119,99
3120,59
3121,8
3122,56
3123,8
3124,82
3125,21
3126,79
3127,5
3128,22
3129,46
3130,5
3131,62
3132,87
3133,67
3134,10
3135,98
3136,2
3137,56
3138,60
3139,48
3140,41
3141,68
3142,27
3143,26
3144,51
3145,17
3146,5
3147,84
3148,79
3149,6
3150,5
3151,48
3152,6
3153,92
3154,17
3155,22
3156,13
3157,48
3158,8
3159,82
3160,73
3161,60
3162,48
3163,41
3164,51
3165,42
3166,99
3167,44
3168,26
3169,40
3170,59
3171,45
3172,19
3173,80
3174,42
3175,28
3176,86
3177,99
3178,37
3179,26
3180,5
3181,83
3182,76
3183,49
3184,51
3185,56
3186,77
3187,48
3188,5
3189,79
3190,57
3191,40
3192,48
3193,86
3194,5
3195,25
3196,17
3197,16
3198,17
3199,12
3200,83
3201,27
3202,80
3203,27
3204,19
3205,19
3206,7
3207,57
3208,2
3209,98
3210,79
3211,0
3212,10
3213,48
3214,47
3215,24
3216,1
3217,23
3218,37
3219,62
3220,40
3221,2
3222,56
3223,19
3224,89
3225,77
3226,95
3227,77
3228,34
3229,45
3230,63
3231,47
3232,31
3233,12
3234,26
3235,20
3236,4
3237,86
3238,54
3239,25
3240,36
3241,27
3242,97
3243,60
3244,60
3245,39
3246,99
3247,39
3248,91
3249,93
3250,41
3251,6
3252,7
3253,67
3254,13
3255,47
3256,20
3257,79
3258,71
3259,89
3260,28
3261,99
3262,10
3263,34
3264,19
3265,30
3266,84
3267,83
3268,73
3269,26
3270,41
3271,18
3272,41
3273,65
3274,45
3275,65
3276,5
3277,8
3278,41
3279,5
3280,41
3281,80
3282,74
3283,42
3284,79
3285,5
3286,48
3287,20
3288,22
3289,27
3290,80
3291,3
3292,14
3293,62
3294,46
3295,69
3296,49
3297,77
3298,99
3299,63
3300,49
3301,41
3302,18
3303,5
3304,91
3305,62
3306,19
3307,28
3308,70
3309,6
3310,96
3311,28
3312,52
3313,30
3314,56
3315,94
3316,87
3317,7
3318,86
3319,15
3320,76
3321,7
3322,77
3323,22
3324,54
3325,59
3326,47
3327,45
3328,73
3329,19
3330,16
3331,33
3332,52
3333,78
3334,56
3335,44
3336,16
3337,89
3338,33
3339,99
3340,78
3341,88
3342,5
3343,56
3344,49
3345,63
3346,20
3347,18
3348,18
3349,94
3350,36
3351,39
3352,86
3353,78
3354,12
3355,30
3356,42
3357,91
3358,56
3359,43
3360,16
3361,22
3362,44
3363,7
3364,63
3365,41
3366,26
3367,8
3368,70
3369,78
3370,48
3371,8
3372,62
3373,5
3374,98
3375,71
3376,93
3377,73
3378,81
3379,89
3380,81
3381,56
3382,26
3383,39
3384,64
3385,7
3386,41
3387,79
3388,8
3389,8
3390,18
3391,68
3392,20
3393,67
3394,60
3395,43
3396,50
3397,8
3398,22
3399,4
3400,53
3401,31
3402,63
3403,21
3404,26
3405,42
3406,55
3407,4
3408,80
3409,78
3410,48
3411,77
3412,49
3413,84
3414,79
3415,8
3416,99
3417,40
3418,54
3419,64
3420,32
3421,4
3422,40
3423,29
3424,27
3425,27
3426,16
3427,77
3428,84
3429,19
3430,56
3431,57
3432,10
3433,46
3434,25
3435,0
3436,39
3437,10
3438,78
3439,37
3440,20
3441,8
3442,59
3443,86
3444,95
3445,61
3446,55
3447,22
3448,98
3449,86
3450,6
3451,55
3452,4
3453,38
3454,58
3455,9
3456,33
3457,85
3458,5
3459,78
3460,22
3461,80
3462,79
3463,2
3464,84
3465,63
3466,22
3467,86
3468,83
3469,98
3470,8
3471,23
3472,62
3473,76
3474,65
3475,56
3476,19
3477,73
3478,53
3479,85
3480,84
3481,42
3482,69
3483,36
3484,82
3485,23
3486,85
3487,19
3488,17
3489,86
3490,49
3491,47
3492,15
3493,60
3494,58
3495,9
3496,44
3497,80
3498,15
3499,0
3500,73
3501,96
3502,98
3503,30
3504,48
3505,62
3506,56
3507,68
3508,42
3509,95
3510,27
3511,30
3512,81
3513,86
3514,63
3515,96
3516,24
3517,9
3518,61
3519,8
3520,62
3521,7
3522,83
3523,51
3524,51
3525,73
3526,77
3527,54
3528,23
3529,43
3530,75
3531,84
3532,8
3533,61
3534,34
3535,34
3536,7
3537,4
3538,44
3539,52
3540,1
3541,0
3542,16
3543,2
3544,46
3545,25
3546,41
3547,16
3548,50
3549,30
3550,71
3551,23
3552,71
3553,10
3554,45
3555,15
3556,99
3557,84
3558,87
3559,12
3560,8
3561,38
3562,23
3563,89
3564,71
3565,41
3566,20
3567,55
3568,17
3569,11
3570,4
3571,88
3572,23
3573,57
3574,69
3575,39
3576,7
3577,59
3578,78
3579,20
3580,68
3581,19
3582,22
3583,7
3584,82
3585,42
3586,85
3587,68
3588,63
3589,62
3590,33
3591,66
3592,98
3593,71
3594,84
3595,86
3596,18
3597,99
3598,22
3599,95
3600,48
3601,7
3602,7
3603,51
3604,86
3605,53
3606,86
3607,63
3608,22
3609,85
3610,88
3611,27
3612,8
3613,38
3614,43
3615,79
3616,98
3617,87
3618,18
3619,62
3620,2
3621,66
3622,42
3623,24
3624,49
3625,69
3626,73
3627,54
3628,1
3629,8
3630,58
3631,58
3632,16
3633,47
3634,39
3635,59
3636,8
3637,29
3638,83
3639,60
3640,22
3641,88
3642,82
3643,69
3644,95
3645,24
3646,14
3647,44
3648,51
3649,92
3650,88
3651,75
3652,99
3653,71
3654,56
3655,3
3656,51
3657,80
3658,18
3659,15
3660,53
3661,74
3662,65
3663,57
3664,89
3665,17
3666,49
3667,10
3668,48
3669,60
3670,97
3671,78
3672,28
3673,90
3674,64
3675,58
3676,16
3677,93
3678,98
3679,65
3680,90
3681,42
3682,43
3683,70
3684,65
3685,7
3686,85
3687,5
3688,66
3689,15
3690,22
3691,20
3692,80
3693,7
3694,5
3695,28
3696,48
3697,28
3698,71
3699,28
3700,25
3701,88
3702,1
3703,15
3704,74
3705,2
3706,57
3707,27
3708,86
3709,69
3710,53
3711,8
3712,62
3713,84
3714,1
3715,8
3716,79
3717,8
3718,33
3719,77
3720,50
3721,77
3722,41
3723,33
3724,50
3725,27
3726,18
3727,5
3728,37
3729,47
3730,63
3731,20
3732,2
3733,7
3734,8
3735,86
3736,79
3737,25
3738,27
3739,24
3740,37
3741,26
3742,18
3743,76
3744,61
3745,78
3746,5
3747,17
3748,8
3749,76
3750,68
3751,76
3752,29
3753,47
3754,63
3755,20
3756,63
3757,8
3758,82
3759,58
3760,47
3761,41
3762,12
3763,30
3764,12
3765,2
3766,69
3767,29
3768,7
3769,87
3770,19
3771,51
3772,46
3773,55
3774,70
3775,40
3776,50
3777,6
3778,41
3779,98
3780,53
3781,66
3782,59
3783,26
3784,26
3785,21
3786,94
3787,98
3788,89
3789,78
3790,7
3791,89
3792,84
3793,68
3794,70
3795,40
3796,41
3797,58
3798,52
3799,48
3800,61
3801,89
3802,97
3803,47
3804,65
3805,1
3806,84
3807,65
3808,5
3809,48
3810,8
3811,68
3812,63
3813,95
3814,87
3815,73
3816,15
3817,79
3818,8
3819,79
3820,84
3821,28
3822,97
3823,10
3824,62
3825,99
3826,18
3827,78
3828,29
3829,30
3830,54
3831,95
3832,32
3833,8
3834,8
3835,18
3836,2
3837,90
3838,86
3839,17
3840,52
3841,12
3842,62
3843,89
3844,86
3845,89
3846,88
3847,37
3848,24
3849,78
3850,95
3851,34
3852,71
3853,16
3854,80
3855,44
3856,84
3857,90
3858,10
3859,1
3860,78
3861,43
3862,99
3863,15
3864,84
3865,68
3866,8
3867,27
3868,41
3869,20
3870,81
3871,48
3872,16
3873,89
3874,89
3875,33
3876,85
3877,8
3878,4
3879,6
3880,41
3881,2
3882,84
3883,41
3884,6
3885,27
3886,16
3887,16
3888,9
3889,5
3890,84
3891,81
3892,18
3893,46
3894,27
3895,46
3896,94
3897,28
3898,41
3899,24
3900,43
3901,65
3902,2
3903,86
3904,94
3905,82
3906,79
3907,20
3908,79
3909,78
3910,12
3911,42
3912,75
3913,98
3914,85
3915,73
3916,33
3917,2
3918,15
3919,89
3920,55
3921,8
3922,11
3923,97
3924,96
3925,99
3926,85
3927,59
3928,25
3929,69
3930,11
3931,66
3932,18
3933,41
3934,63
3935,87
3936,33
3937,80
3938,82
3939,84
3940,45
3941,7
3942,33
3943,90
3944,79
3945,47
3946,23
3947,29
3948,3
3949,93
3950,33
3951,86
3952,66
3953,96
3954,93
3955,3
3956,88
3957,68
3958,42
3959,7
3960,98
3961,29
3962,41
3963,74
3964,37
3965,10
3966,75
3967,85
3968,8
3969,33
3970,38
3971,26
3972,18
3973,78
3974,16
3975,9
3976,4
3977,78
3978,83
3979,5
3980,37
3981,90
3982,62
3983,68
3984,37
3985,41
3986,78
3987,47
3988,16
3989,1
3990,83
3991,32
3992,12
3993,78
3994,26
3995,59
3996,89
3997,16
3998,24
3999,18
4000,73
4001,49
4002,33
4003,60
4004,85
4005,1
4006,83
4007,21
4008,31
4009,68
4010,49
4011,1
4012,26
4013,87
4014,89
4015,28
4016,73
4017,13
4018,40
4019,12
4020,89
4021,7
4022,47
4023,47
4024,55
4025,39
4026,92
4027,73
4028,19
4029,22
4030,33
4031,69
4032,57
4033,18
4034,65
4035,33
4036,5
4037,41
4038,51
4039,68
4040,33
4041,8
4042,83
4043,27
4044,75
4045,41
4046,30
4047,98
4048,33
4049,61
4050,2
4051,99
4052,21
4053,85
4054,73
4055,85
4056,82
4057,73
4058,28
4059,56
4060,19
4061,78
4062,47
4063,58
4064,96
4065,37
4066,62
4067,53
4068,12
4069,48
4070,21
4071,47
4072,68
4073,68
4074,27
4075,48
4076,33
4077,27
4078,56
4079,33
4080,62
4081,95
4082,17
4083,94
4084,36
4085,12
4086,23
4087,73
4088,91
4089,30
4090,44
4091,20
4092,7
4093,51
4094,24
4095,78
4096,41
4097,47
4098,39
4099,73
4100,4
4101,54
4102,47
4103,67
4104,26
4105,44
4106,99
4107,59
4108,15
4109,1
4110,21
4111,22
4112,43
4113,7
4114,26
4115,7
4116,6
4117,41
4118,58
4119,47
4120,45
4121,4
4122,26
4123,15
4124,92
4125,37
4126,59
4127,38
4128,86
4129,39
4130,90
4131,81
4132,34
4133,7
4134,6
4135,31
4136,75
4137,86
4138,78
4139,18
4140,73
4141,40
4142,30
4143,8
4144,9
4145,83
4146,79
4147,9
4148,17
4149,0
4150,20
4151,44
4152,58
4153,99
4154,84
4155,33
4156,84
4157,10
4158,58
4159,29
4160,99
4161,62
4162,43
4163,56
4164,78
4165,89
4166,57
4167,82
4168,65
4169,78
4170,17
4171,7
4172,1
4173,94
4174,51
4175,86
4176,55
4177,17
4178,48
4179,30
4180,1
4181,6
4182,7
4183,87
4184,78
4185,86
4186,40
4187,77
4188,62
4189,19
4190,93
4191,56
4192,38
4193,22
4194,30
4195,71
4196,8
4197,52
4198,36
4199,4
4200,3
4201,82
4202,33
4203,53
4204,41
4205,89
4206,8
4207,51
4208,51
4209,22
4210,88
4211,5
4212,5
4213,27
4214,78
4215,8
4216,22
4217,16
4218,30
4219,79
4220,58
4221,73
4222,33
4223,56
4224,81
4225,77
4226,24
4227,44
4228,26
4229,41
4230,93
4231,70
4232,60
4233,62
4234,58
4235,16
4236,27
4237,58
4238,7
4239,17
4240,2
4241,19
4242,86
4243,38
4244,1
4245,42
4246,24
4247,90
4248,33
4249,54
4250,42
4251,5
4252,34
4253,67
4254,85
4255,2
4256,98
4257,64
4258,44
4259,62
4260,81
4261,48
4262,20
4263,54
4264,16
4265,78
4266,48
4267,6
4268,53
4269,22
4270,8
4271,26
4272,13
4273,63
4274,24
4275,84
4276,88
4277,59
4278,89
4279,99
4280,11
4281,10
4282,36
4283,7
4284,99
4285,7
4286,33
4287,56
4288,78
4289,26
4290,8
4291,60
4292,88
4293,79
4294,5
4295,30
4296,41
4297,69
4298,51
4299,64
4300,46
4301,82
4302,79
4303,99
4304,67
4305,65
4306,77
4307,28
4308,95
4309,16
4310,47
4311,54
4312,36
4313,2
4314,83
4315,41
4316,69
4317,6
4318,54
4319,89
4320,88
4321,30
4322,27
4323,65
4324,70
4325,85
4326,34
4327,14
4328,98
4329,98
4330,51
4331,8
4332,98
4333,44
4334,81
4335,44
4336,76
4337,13
4338,79
4339,41
4340,41
4341,6
4342,62
4343,73
4344,77
4345,28
4346,79
4347,39
4348,49
4349,85
4350,33
4351,98
4352,22
4353,68
4354,16
4355,62
4356,4
4357,5
4358,15
4359,5
4360,61
4361,98
4362,19
4363,8
4364,38
4365,23
4366,63
4367,29
4368,45
4369,30
4370,73
4371,78
4372,98
4373,97
4374,79
4375,60
4376,26
4377,29
4378,78
4379,43
4380,78
4381,94
4382,37
4383,20
4384,33
4385,77
4386,10
4387,37
4388,75
4389,28
4390,19
4391,99
4392,18
4393,51
4394,54
4395,33
4396,17
4397,60
4398,62
4399,44
4400,45
4401,6
4402,61
4403,53
4404,68
4405,22
4406,86
4407,18
4408,81
4409,78
4410,56
4411,59
4412,72
4413,22
4414,62
4415,46
4416,18
4417,89
4418,65
4419,71
4420,55
4421,38
4422,29
4423,8
4424,79
4425,50
4426,41
4427,79
4428,58
4429,33
4430,17
4431,97
4432,50
4433,14
4434,65
4435,5
4436,59
4437,54
4438,8
4439,81
4440,5
4441,33
4442,23
4443,48
4444,56
4445,99
4446,85
4447,19
4448,79
4449,37
4450,41
4451,43
4452,5
4453,20
4454,39
4455,27
4456,78
4457,41
4458,88
4459,54
4460,66
4461,89
4462,79
4463,81
4464,41
4465,51
4466,21
4467,26
4468,70
4469,41
4470,1
4471,49
4472,85
4473,43
4474,98
4475,3
4476,39
4477,37
4478,73
4479,20
4480,29
4481,33
4482,21
4483,17
4484,85
4485,65
4486,24
4487,88
4488,81
4489,34
4490,42
4491,82
4492,73
4493,41
4494,61
4495,22
4496,7
4497,41
4498,32
4499,40
4500,41
4501,85
4502,38
4503,48
4504,12
4505,86
4506,44
4507,61
4508,26
4509,38
4510,93
4511,93
4512,44
4513,74
4514,1
4515,59
4516,32
4517,98
4518,29
4519,56
4520,27
4521,84
4522,63
4523,90
4524,99
4525,82
4526,38
4527,46
4528,30
4529,99
4530,31
4531,6
4532,16
4533,91
4534,93
4535,46
4536,26
4537,98
4538,7
4539,73
4540,65
4541,21
4542,43
4543,16
4544,48
4545,78
4546,27
4547,99
4548,92
4549,76
4550,29
4551,96
4552,86
4553,41
4554,46
4555,69
4556,47
4557,19
4558,18
4559,20
4560,10
4561,34
4562,13
4563,13
4564,49
4565,42
4566,47
4567,42
4568,13
4569,78
4570,62
4571,39
4572,74
4573,71
4574,82
4575,71
4576,54
4577,79
4578,24
4579,57
4580,96
4581,42
4582,60
4583,65
4584,41
4585,59
4586,51
4587,62
4588,86
4589,78
4590,90
4591,42
4592,58
4593,66
4594,52
4595,14
4596,7
4597,53
4598,53
4599,56
4600,7
4601,36
4602,86
4603,18
4604,68
4605,78
4606,20
4607,77
4608,14
4609,27
4610,89
4611,89
4612,17
4613,41
4614,19
4615,51
4616,42
4617,54
4618,47
4619,89
4620,59
4621,70
4622,38
4623,34
4624,63
4625,48
4626,56
4627,82
4628,96
4629,8
4630,6
4631,96
4632,70
4633,60
4634,80
4635,41
4636,42
4637,86
4638,15
4639,78
4640,20
4641,2
4642,7
4643,78
4644,2
4645,77
4646,58
4647,23
4648,78
4649,20
4650,42
4651,78
4652,57
4653,59
4654,90
4655,2
4656,89
4657,99
4658,50
4659,84
4660,26
4661,13
4662,22
4663,0
4664,17
4665,60
4666,9
4667,16
4668,41
4669,17
4670,79
4671,47
4672,44
4673,60
4674,24
4675,38
4676,16
4677,37
4678,89
4679,62
4680,48
4681,7
4682,2
4683,0
4684,49
4685,63
4686,19
4687,99
4688,33
4689,94
4690,44
4691,22
4692,71
4693,62
4694,96
4695,78
4696,96
4697,18
4698,12
4699,38
4700,8
4701,28
4702,8
4703,93
4704,98
4705,1
4706,7
4707,89
4708,2
4709,55
4710,24
4711,6
4712,47
4713,98
4714,32
4715,45
4716,39
4717,29
4718,98
4719,58
4720,60
4721,15
4722,71
4723,26
4724,18
4725,39
4726,5
4727,41
4728,38
4729,70
4730,10
4731,1
4732,78
4733,23
4734,2
4735,23
4736,65
4737,98
4738,9
4739,60
4740,20
4741,99
4742,68
4743,19
4744,68
4745,6
4746,86
4747,44
4748,57
4749,53
4750,68
4751,2
4752,39
4753,45
4754,22
4755,45
4756,25
4757,71
4758,56
4759,53
4760,88
4761,91
4762,81
4763,67
4764,24
4765,26
4766,78
4767,92
4768,34
4769,78
4770,66
4771,20
4772,7
4773,19
4774,41
4775,16
4776,36
4777,80
4778,46
4779,19
4780,21
4781,3
4782,8
4783,39
4784,8
4785,63
4786,26
4787,5
4788,89
4789,48
4790,18
4791,99
4792,37
4793,5
4794,79
4795,5
4796,2
4797,62
4798,60
4799,41
4800,86
4801,73
4802,38
4803,88
4804,15
4805,33
4806,23
4807,25
4808,55
4809,63
4810,71
4811,24
4812,68
4813,72
4814,97
4815,42
4816,97
4817,78
4818,44
4819,22
4820,5
4821,76
4822,42
4823,88
4824,85
4825,69
4826,52
4827,67
4828,84
4829,20
4830,85
4831,99
4832,23
4833,88
4834,64
4835,49
4836,78
4837,53
4838,10
4839,63
4840,8
4841,62
4842,53
4843,63
4844,42
4845,18
4846,26
4847,41
4848,41
4849,85
4850,59
4851,39
4852,89
4853,2
4854,97
4855,70
4856,62
4857,8
4858,42
4859,8
4860,81
4861,18
4862,16
4863,20
4864,1
4865,33
4866,87
4867,12
4868,48
4869,93
4870,18
4871,5
4872,52
4873,22
4874,22
4875,28
4876,15
4877,45
4878,98
4879,83
4880,38
4881,62
4882,33
4883,49
4884,5
4885,7
4886,73
4887,74
4888,19
4889,52
4890,63
4891,64
4892,56
4893,86
4894,85
4895,68
4896,62
4897,42
4898,60
4899,48
4900,70
4901,61
4902,55
4903,61
4904,7
4905,78
4906,99
4907,49
4908,74
4909,37
4910,12
4911,38
4912,6
4913,48
4914,56
4915,78
4916,54
4917,1
4918,37
4919,9
4920,8
4921,99
4922,27
4923,72
4924,29
4925,20
4926,22
4927,49
4928,26
4929,71
4930,23
4931,85
4932,22
4933,59
4934,48
4935,10
4936,75
4937,48
4938,43
4939,89
4940,47
4941,16
4942,37
4943,44
4944,94
4945,80
4946,51
4947,32
4948,22
4949,62
4950,68
4951,94
4952,47
4953,3
4954,23
4955,30
4956,78
4957,30
4958,6
4959,45
4960,34
4961,16
4962,39
4963,98
4964,8
4965,15
4966,92
4967,54
4968,99
4969,6
4970,6
4971,63
4972,71
4973,48
4974,73
4975,17
4976,22
4977,99
4978,92
4979,16
4980,99
4981,26
4982,71
4983,60
4984,82
4985,28
4986,4
4987,82
4988,67
4989,5
4990,65
4991,77
4992,41
4993,8
4994,16
4995,62
4996,99
4997,18
4998,54
4999,1
5000,55
5001,43
5002,20
5003,56
5004,33
5005,89
5006,41
5007,9
5008,39
5009,33
5010,18
5011,90
5012,56
5013,59
5014,48
5015,12
5016,85
5017,57
5018,14
5019,61
5020,0
5021,27
5022,98
5023,24
5024,96
5025,28
5026,8
5027,48
5028,7
5029,42
5030,79
5031,7
5032,78
5033,65
5034,87
5035,73
5036,74
5037,69
5038,96
5039,51
5040,98
5041,84
5042,25
5043,68
5044,91
5045,90
5046,28
5047,71
5048,58
5049,58
5050,51
5051,29
5052,61
5053,48
5054,48
5055,65
5056,78
5057,78
5058,57
5059,93
5060,45
5061,52
5062,1
5063,68
5064,54
5065,33
5066,73
5067,82
5068,2
5069,28
5070,40
5071,2
5072,82
5073,30
5074,85
5075,48
5076,17
5077,50
5078,97
5079,29
5080,38
5081,93
5082,61
5083,61
5084,26
5085,15
5086,94
5087,88
5088,14
5089,6
5090,18
5091,39
5092,26
5093,65
5094,45
5095,77
5096,62
5097,78
5098,37
5099,34
5100,2
5101,64
5102,73
5103,1
5104,28
5105,55
5106,16
5107,43
5108,16
5109,28
5110,58
5111,26
5112,86
5113,22
5114,12
5115,66
5116,83
5117,73
5118,35
5119,97
5120,67
5121,28
5122,0
5123,33
5124,74
5125,93
5126,48
5127,78
5128,22
5129,60
5130,28
5131,5
5132,86
5133,58
5134,22
5135,9
5136,23
5137,65
5138,97
5139,11
5140,78
5141,94
5142,84
5143,24
5144,63
5145,16
5146,26
5147,87
5148,86
5149,32
5150,71
5151,63
5152,27
5153,65
5154,6
5155,15
5156,37
5157,85
5158,45
5159,2
5160,5
5161,78
5162,21
5163,65
5164,49
5165,44
5166,99
5167,92
5168,78
5169,29
5170,20
5171,81
5172,40
5173,78
5174,6
5175,66
5176,15
5177,47
5178,82
5179,5
5180,6
5181,49
5182,0
5183,8
5184,23
5185,47
5186,44
5187,49
5188,31
5189,24
5190,20
5191,22
5192,79
5193,7
5194,68
5195,88
5196,5
5197,68
5198,80
5199,17
5200,44
5201,51
5202,1
5203,41
5204,8
5205,47
5206,73
5207,65
5208,2
5209,73
5210,25
5211,70
5212,12
5213,66
5214,97
5215,20
5216,5
5217,62
5218,12
5219,2
5220,89
5221,67
5222,78
5223,2
5224,62
5225,19
5226,85
5227,7
5228,7
5229,13
5230,86
5231,79
5232,75
5233,85
5234,85
5235,30
5236,17
5237,12
5238,58
5239,80
5240,86
5241,38
5242,27
5243,49
5244,17
5245,84
5246,57
5247,34
5248,86
5249,24
5250,79
5251,78
5252,22
5253,9
5254,12
5255,46
5256,34
5257,77
5258,29
5259,60
5260,54
5261,18
5262,78
5263,65
5264,7
5265,39
5266,85
5267,6
5268,99
5269,28
5270,66
5271,13
5272,33
5273,58
5274,93
5275,4
5276,71
5277,61
5278,61
5279,99
5280,44
5281,58
5282,20
5283,40
5284,72
5285,86
5286,6
5287,80
5288,88
5289,96
5290,7
5291,88
5292,28
5293,57
5294,60
5295,2
5296,21
5297,96
5298,2
5299,60
5300,48
5301,26
5302,16
5303,88
5304,27
5305,86
5306,80
5307,8
5308,86
5309,34
5310,90
5311,48
5312,84
5313,5
5314,82
5315,69
5316,81
5317,12
5318,23
5319,12
5320,38
5321,86
5322,20
5323,61
5324,84
5325,13
5326,26
5327,98
5328,88
5329,78
5330,21
5331,72
5332,34
5333,80
5334,80
5335,86
5336,20
5337,75
5338,28
5339,2
5340,68
5341,38
5342,28
5343,88
5344,64
5345,78
5346,95
5347,48
5348,40
5349,99
5350,60
5351,28
5352,37
5353,98
5354,90
5355,10
5356,51
5357,28
5358,58
5359,29
5360,59
5361,8
5362,17
5363,89
5364,89
5365,47
5366,8
5367,8
5368,5
5369,84
5370,40
5371,85
5372,64
5373,45
5374,48
5375,53
5376,61
5377,69
5378,92
5379,78
5380,45
5381,49
5382,19
5383,62
5384,38
5385,7
5386,81
5387,62
5388,72
5389,46
5390,51
5391,59
5392,99
5393,18
5394,74
5395,8
5396,73
5397,79
5398,79
5399,83
5400,47
5401,88
5402,36
5403,78
5404,33
5405,7
5406,30
5407,85
5408,49
5409,45
5410,70
5411,33
5412,44
5413,73
5414,44
5415,20
5416,78
5417,23
5418,5
5419,78
5420,2
5421,19
5422,0
5423,22
5424,85
5425,32
5426,6
5427,63
5428,19
5429,22
5430,27
5431,16
5432,29
5433,51
5434,91
5435,23
5436,91
5437,8
5438,89
5439,5
5440,61
5441,15
5442,86
5443,77
5444,69
5445,31
5446,8
5447,63
5448,63
5449,73
5450,85
5451,4
5452,65
5453,17
5454,6
5455,62
5456,44
5457,9
5458,54
5459,97
5460,84
5461,62
5462,1
5463,33
5464,16
5465,64
5466,99
5467,79
5468,27
5469,8
5470,59
5471,8
5472,65
5473,54
5474,71
5475,6
5476,51
5477,92
5478,6
5479,65
5480,68
5481,99
5482,30
5483,18
5484,58
5485,68
5486,45
5487,84
5488,19
5489,18
5490,20
5491,8
5492,8
5493,16
5494,14
5495,21
5496,23
5497,57
5498,53
5499,30
5500,19
5501,34
5502,15
5503,47
5504,23
5505,12
5506,41
5507,63
5508,37
5509,84
5510,82
5511,8
5512,85
5513,47
5514,81
5515,22
5516,33
5517,65
5518,29
5519,24
5520,33
5521,44
5522,85
5523,77
5524,78
5525,63
5526,96
5527,38
5528,90
5529,7
5530,48
5531,5
5532,51
5533,6
5534,44
5535,41
5536,44
5537,37
5538,2
5539,94
5540,5
5541,99
5542,6
5543,51
5544,78
5545,41
5546,33
5547,59
5548,8
5549,89
5550,0
5551,59
5552,99
5553,15
5554,96
5555,79
5556,4
5557,52
5558,22
5559,94
5560,89
5561,97
5562,73
5563,6
5564,44
5565,49
5566,88
5567,96
5568,27
5569,24
5570,20
5571,78
5572,46
5573,24
5574,15
5575,2
5576,17
5577,0
5578,70
5579,89
5580,37
5581,42
5582,2
5583,26
5584,26
5585,41
5586,31
5587,71
5588,33
5589,78
5590,84
5591,29
5592,40
5593,75
5594,2
5595,8
5596,62
5597,4
5598,65
5599,90
5600,56
5601,84
5602,21
5603,2
5604,26
5605,61
5606,79
5607,77
5608,30
5609,46
5610,21
5611,79
5612,0
5613,33
5614,71
5615,98
5616,24
5617,0
5618,19
5619,89
5620,78
5621,78
5622,13
5623,81
5624,79
5625,98
5626,83
5627,17
5628,17
5629,78
5630,39
5631,86
5632,7
5633,85
5634,8
5635,33
5636,38
5637,57
5638,51
5639,49
5640,75
5641,51
5642,58
5643,18
5644,5
5645,19
5646,57
5647,62
5648,86
5649,78
5650,22
5651,29
5652,57
5653,86
5654,6
5655,16
5656,90
5657,65
5658,8
5659,5
5660,68
5661,13
5662,15
5663,81
5664,63
5665,36
5666,38
5667,23
5668,51
5669,16
5670,26
5671,16
5672,16
5673,61
5674,30
5675,26
5676,83
5677,8
5678,82
5679,61
5680,19
5681,42
5682,57
5683,60
5684,16
5685,32
5686,20
5687,79
5688,36
5689,11
5690,45
5691,68
5692,25
5693,9
5694,18
5695,77
5696,56
5697,56
5698,76
5699,67
5700,60
5701,7
5702,42
5703,18
5704,13
5705,62
5706,60
5707,48
5708,51
5709,78
5710,15
5711,54
5712,20
5713,77
5714,20
5715,91
5716,62
5717,20
5718,86
5719,77
5720,28
5721,36
5722,93
5723,19
5724,5
5725,51
5726,85
5727,98
5728,78
5729,45
5730,5
5731,20
5732,30
5733,31
5734,78
5735,38
5736,50
5737,85
5738,99
5739,54
5740,7
5741,78
5742,27
5743,2
5744,37
5745,27
5746,39
5747,48
5748,88
5749,61
5750,37
5751,47
5752,56
5753,18
5754,86
5755,41
5756,98
5757,42
5758,27
5759,39
5760,62
5761,17
5762,23
5763,19
5764,62
5765,30
5766,53
5767,6
5768,60
5769,88
5770,47
5771,30
5772,77
5773,86
5774,2
5775,97
5776,28
5777,85
5778,53
5779,88
5780,5
5781,8
5782,5
5783,46
5784,73
5785,38
5786,56
5787,23
5788,90
5789,46
5790,78
5791,0
5792,42
5793,39
5794,37
5795,4
5796,86
5797,74
5798,60
5799,48
5800,4
5801,74
5802,63
5803,43
5804,36
5805,8
5806,82
5807,41
5808,7
5809,54
5810,58
5811,19
5812,88
5813,28
5814,5
5815,39
5816,97
5817,5
5818,2
5819,0
5820,10
5821,87
5822,87
5823,18
5824,84
5825,25
5826,47
5827,46
5828,16
5829,5
5830,79
5831,44
5832,16
5833,43
5834,16
5835,27
5836,58
5837,33
5838,78
5839,44
5840,95
5841,21
5842,6
5843,17
5844,90
5845,81
5846,4
5847,78
5848,77
5849,53
5850,26
5851,94
5852,19
5853,61
5854,5
5855,18
5856,84
5857,65
5858,26
5859,19
5860,22
5861,67
5862,14
5863,62
5864,70
5865,86
5866,41
5867,6
5868,56
5869,19
5870,0
5871,88
5872,48
5873,11
5874,28
5875,2
5876,18
5877,5
5878,71
5879,46
5880,27
5881,69
5882,34
5883,16
5884,69
5885,27
5886,16
5887,15
5888,30
5889,7
5890,75
5891,40
5892,16
5893,95
5894,44
5895,26
5896,95
5897,71
5898,87
5899,21
5900,63
5901,68
5902,73
5903,24
5904,41
5905,11
5906,69
5907,60
5908,97
5909,52
5910,7
5911,51
5912,99
5913,30
5914,8
5915,8
5916,6
5917,0
5918,76
5919,44
5920,93
5921,70
5922,7
5923,8
5924,4
5925,62
5926,69
5927,56
5928,77
5929,61
5930,31
5931,2
5932,24
5933,18
5934,41
5935,16
5936,28
5937,76
5938,85
5939,39
5940,34
5941,18
5942,12
5943,47
5944,20
5945,69
5946,20
5947,49
5948,68
5949,30
5950,78
5951,42
5952,56
5953,2
5954,48
5955,75
5956,81
5957,92
5958,77
5959,99
5960,80
5961,78
5962,33
5963,33
5964,38
5965,63
5966,81
5967,47
5968,95
5969,70
5970,60
5971,79
5972,90
5973,94
5974,47
5975,28
5976,47
5977,63
5978,79
5979,44
5980,63
5981,46
5982,88
5983,47
5984,43
5985,11
5986,10
5987,58
5988,84
5989,51
5990,8
5991,22
5992,68
5993,54
5994,41
5995,98
5996,59
5997,88
5998,51
5999,79
6000,8
6001,16
6002,88
6003,41
6004,99
6005,80
6006,34
6007,41
6008,26
6009,99
6010,60
6011,29
6012,80
6013,70
6014,18
6015,53
6016,97
6017,65
6018,33
6019,86
6020,5
6021,36
6022,1
6023,79
6024,9
6025,80
6026,47
6027,66
6028,45
6029,45
6030,68
6031,46
6032,53
6033,75
6034,56
6035,16
6036,21
6037,51
6038,47
6039,28
6040,52
6041,73
6042,58
6043,27
6044,33
6045,52
6046,78
6047,99
6048,34
6049,43
6050,47
6051,28
6052,26
6053,78
6054,78
6055,44
6056,16
6057,74
6058,27
6059,57
6060,60
6061,41
6062,52
6063,71
6064,88
6065,21
6066,73
6067,34
6068,61
6069,59
6070,8
6071,78
6072,78
6073,69
6074,78
6075,18
6076,6
6077,4
6078,2
6079,68
6080,67
6081,98
6082,61
6083,97
6084,12
6085,49
6086,81
6087,78
6088,23
6089,63
6090,34
6091,33
6092,76
6093,19
6094,51
6095,51
6096,19
6097,29
6098,28
6099,4
6100,9
6101,91
6102,44
6103,8
6104,68
6105,25
6106,25
6107,5
6108,78
6109,1
6110,65
6111,5
6112,38
6113,27
6114,10
6115,56
6116,85
6117,78
6118,79
6119,17
6120,68
6121,94
6122,47
6123,69
6124,41
6125,47
6126,59
6127,89
6128,44
6129,40
6130,18
6131,16
6132,48
6133,93
6134,44
6135,29
6136,55
6137,1
6138,30
6139,62
6140,20
6141,45
6142,8
6143,58
6144,80
6145,51
6146,61
6147,85
6148,78
6149,46
6150,50
6151,78
6152,98
6153,69
6154,99
6155,45
6156,74
6157,5
6158,48
6159,97
6160,17
6161,15
6162,20
6163,79
6164,4
6165,22
6166,51
6167,85
6168,17
6169,41
6170,90
6171,38
6172,23
6173,27
6174,9
6175,41
6176,6
6177,3
6178,50
6179,98
6180,24
6181,94
6182,45
6183,22
6184,44
6185,27
6186,16
6187,46
6188,32
6189,12
6190,33
6191,19
6192,88
6193,1
6194,39
6195,9
6196,68
6197,70
6198,41
6199,6
6200,59
6201,57
6202,16
6203,88
6204,20
6205,61
6206,98
6207,22
6208,95
6209,48
6210,49
6211,56
6212,25
6213,65
6214,29
6215,52
6216,88
6217,84
6218,78
6219,44
6220,18
6221,75
6222,99
6223,98
6224,49
6225,73
6226,75
6227,59
6228,51
6229,86
6230,21
6231,10
6232,73
6233,36
6234,95
6235,43
6236,73
6237,78
6238,41
6239,20
6240,66
6241,37
6242,5
6243,16
6244,17
6245,23
6246,27
6247,29
6248,19
6249,44
6250,26
6251,53
6252,7
6253,26
6254,81
6255,5
6256,12
6257,15
6258,75
6259,5
6260,21
6261,54
6262,57
6263,44
6264,33
6265,49
6266,29
6267,89
6268,18
6269,43
6270,37
6271,48
6272,99
6273,88
6274,37
6275,98
6276,90
6277,65
6278,89
6279,97
6280,99
6281,9
6282,6
6283,23
6284,2
6285,66
6286,6
6287,80
6288,70
6289,48
6290,78
6291,57
6292,16
6293,27
6294,24
6295,97
6296,26
6297,19
6298,78
6299,48
6300,93
6301,45
6302,65
6303,6
6304,5
6305,20
6306,14
6307,87
6308,22
6309,22
6310,27
6311,36
6312,33
6313,29
6314,16
6315,45
6316,6
6317,71
6318,2
6319,24
6320,81
6321,6
6322,8
6323,7
6324,87
6325,39
6326,8
6327,81
6328,14
6329,38
6330,38
6331,58
6332,47
6333,38
6334,6
6335,36
6336,48
6337,16
6338,78
6339,93
6340,18
6341,78
6342,70
6343,46
6344,61
6345,29
6346,56
6347,8
6348,14
6349,14
6350,10
6351,41
6352,28
6353,79
6354,50
6355,91
6356,23
6357,63
6358,97
6359,40
6360,5
6361,85
6362,22
6363,73
6364,27
6365,56
6366,22
6367,2
6368,24
6369,15
6370,73
6371,47
6372,58
6373,88
6374,53
6375,55
6376,28
6377,48
6378,78
6379,85
6380,45
6381,94
6382,85
6383,16
6384,7
6385,53
6386,22
6387,33
6388,5
6389,71
6390,99
6391,84
6392,62
6393,79
6394,31
6395,43
6396,20
6397,2
6398,94
6399,78
6400,60
6401,88
6402,61
6403,14
6404,16
6405,11
6406,39
6407,97
6408,7
6409,51
6410,8
6411,84
6412,36
6413,59
6414,45
6415,16
6416,70
6417,31
6418,22
6419,33
6420,12
6421,48
6422,56
6423,63
6424,53
6425,60
6426,19
6427,45
6428,17
6429,20
6430,51
6431,84
6432,78
6433,87
6434,83
6435,29
6436,22
6437,99
6438,30
6439,45
6440,12
6441,49
6442,23
6443,65
6444,8
6445,64
6446,66
6447,10
6448,51
6449,53
6450,3
6451,88
6452,16
6453,20
6454,78
6455,78
6456,14
6457,68
6458,19
6459,62
6460,84
6461,26
6462,8
6463,58
6464,82
6465,93
6466,63
6467,91
6468,49
6469,8
6470,5
6471,84
6472,4
6473,40
6474,40
6475,93
6476,47
6477,84
6478,18
6479,40
6480,8
6481,19
6482,2
6483,48
6484,51
6485,42
6486,98
6487,62
6488,79
6489,47
6490,29
6491,26
6492,59
6493,94
6494,19
6495,16
6496,34
6497,98
6498,78
6499,56
6500,47
6501,52
6502,80
6503,6
6504,99
6505,47
6506,90
6507,26
6508,65
6509,85
6510,58
6511,55
6512,94
6513,80
6514,75
6515,46
6516,60
6517,52
6518,82
6519,2
6520,30
6521,67
6522,12
6523,90
6524,1
6525,26
6526,26
6527,24
6528,59
6529,66
6530,42
6531,24
6532,24
6533,57
6534,81
6535,65
6536,11
6537,42
6538,37
6539,58
6540,21
6541,56
6542,47
6543,51
6544,41
6545,28
6546,26
6547,19
6548,60
6549,99
6550,41
6551,83
6552,16
6553,84
6554,7
6555,85
6556,98
6557,30
6558,8
6559,91
6560,37
6561,2
6562,82
6563,16
6564,49
6565,92
6566,24
6567,79
6568,20
6569,37
6570,38
6571,78
6572,86
6573,75
6574,99
6575,84
6576,21
6577,86
6578,8
6579,13
6580,42
6581,53
6582,5
6583,21
6584,63
6585,18
6586,56
6587,42
6588,60
6589,16
6590,7
6591,73
6592,1
6593,16
6594,26
6595,86
6596,28
6597,33
6598,98
6599,12
6600,56
6601,89
6602,10
6603,62
6604,7
6605,56
6606,2
6607,35
6608,8
6609,97
6610,41
6611,99
6612,44
6613,46
6614,8
6615,65
6616,33
6617,20
6618,22
6619,67
6620,6
6621,73
6622,59
6623,79
6624,85
6625,87
6626,69
6627,59
6628,20
6629,90
6630,39
6631,78
6632,78
6633,81
6634,22
6635,78
6636,33
6637,80
6638,92
6639,41
6640,69
6641,47
6642,59
6643,1
6644,41
6645,8
6646,34
6647,89
6648,78
6649,67
6650,65
6651,2
6652,3
6653,55
6654,47
6655,8
6656,45
6657,76
6658,68
6659,62
6660,80
6661,36
6662,26
6663,35
6664,35
6665,26
6666,42
6667,79
6668,62
6669,9
6670,12
6671,45
6672,2
6673,75
6674,99
6675,47
6676,75
6677,58
6678,33
6679,70
6680,56
6681,60
6682,98
6683,71
6684,4
6685,28
6686,33
6687,42
6688,18
6689,19
6690,3
6691,34
6692,62
6693,78
6694,94
6695,79
6696,79
6697,20
6698,33
6699,15
6700,2
6701,86
6702,63
6703,55
6704,76
6705,43
6706,4
6707,78
6708,81
6709,16
6710,94
6711,89
6712,90
6713,98
6714,73
6715,28
6716,60
6717,77
6718,16
6719,90
6720,29
6721,47
6722,8
6723,7
6724,8
6725,16
6726,71
6727,38
6728,22
6729,60
6730,1
6731,21
6732,45
6733,19
6734,54
6735,21
6736,78
6737,90
6738,20
6739,11
6740,59
6741,17
6742,55
6743,5
6744,95
6745,38
6746,86
6747,53
6748,58
6749,6
6750,14
6751,85
6752,27
6753,12
6754,17
6755,18
6756,46
6757,74
6758,73
6759,63
6760,76
6761,8
6762,13
6763,7
6764,41
6765,22
6766,87
6767,98
6768,33
6769,74
6770,73
6771,46
6772,18
6773,8
6774,79
6775,78
6776,31
6777,78
6778,97
6779,70
6780,89
6781,68
6782,46
6783,2
6784,86
6785,65
6786,98
6787,65
6788,5
6789,8
6790,29
6791,80
6792,28
6793,73
6794,47
6795,20
6796,0
6797,45
6798,63
6799,25
6800,83
6801,59
6802,9
6803,9
6804,16
6805,48
6806,9
6807,6
6808,99
6809,86
6810,91
6811,79
6812,40
6813,48
6814,56
6815,7
6816,41
6817,18
6818,47
6819,15
6820,2
6821,99
6822,17
6823,84
6824,63
6825,8
6826,84
6827,90
6828,2
6829,16
6830,42
6831,45
6832,7
6833,81
6834,2
6835,71
6836,62
6837,8
6838,54
6839,27
6840,21
6841,68
6842,7
6843,44
6844,48
6845,85
6846,43
6847,26
6848,75
6849,29
6850,70
6851,27
6852,97
6853,80
6854,23
6855,73
6856,71
6857,22
6858,78
6859,84
6860,98
6861,23
6862,5
6863,44
6864,78
6865,87
6866,21
6867,28
6868,3
6869,46
6870,2
6871,75
6872,61
6873,60
6874,88
6875,89
6876,20
6877,41
6878,84
6879,71
6880,12
6881,63
6882,8
6883,20
6884,94
6885,67
6886,81
6887,27
6888,57
6889,79
6890,99
6891,84
6892,66
6893,5
6894,64
6895,5
6896,48
6897,47
6898,23
6899,39
6900,36
6901,8
6902,28
6903,70
6904,45
6905,67
6906,89
6907,59
6908,42
6909,18
6910,94
6911,45
6912,26
6913,60
6914,71
6915,33
6916,47
6917,19
6918,29
6919,51
6920,61
6921,79
6922,74
6923,26
6924,93
6925,86
6926,67
6927,65
6928,12
6929,57
6930,19
6931,4
6932,69
6933,49
6934,87
6935,28
6936,99
6937,47
6938,81
6939,3
6940,95
6941,7
6942,89
6943,15
6944,44
6945,29
6946,58
6947,71
6948,7
6949,16
6950,60
6951,15
6952,33
6953,38
6954,37
6955,8
6956,78
6957,20
6958,93
6959,23
6960,42
6961,8
6962,96
6963,98
6964,68
6965,9
6966,2
6967,16
6968,78
6969,17
6970,6
6971,53
6972,88
6973,85
6974,85
6975,67
6976,20
6977,58
6978,85
6979,79
6980,85
6981,61
6982,27
6983,5
6984,80
6985,7
6986,23
6987,63
6988,20
6989,34
6990,17
6991,38
6992,40
6993,75
6994,60
6995,87
6996,73
6997,24
6998,58
6999,15
7000,98
7001,23
7002,59
7003,42
7004,34
7005,86
7006,47
7007,93
7008,63
7009,73
7010,78
7011,2
7012,22
7013,93
7014,42
7015,89
7016,20
7017,84
7018,33
7019,82
7020,82
7021,97
7022,73
7023,90
7024,64
7025,42
7026,27
7027,1
7028,15
7029,94
7030,45
7031,89
7032,29
7033,88
7034,5
7035,86
7036,58
7037,67
7038,95
7039,24
7040,62
7041,78
7042,58
7043,7
7044,75
7045,16
7046,84
7047,83
7048,8
7049,40
7050,88
7051,83
7052,54
7053,8
7054,57
7055,1
7056,68
7057,9
7058,53
7059,99
7060,65
7061,85
7062,57
7063,65
7064,16
7065,36
7066,13
7067,67
7068,28
7069,76
7070,43
7071,24
7072,18
7073,88
7074,84
7075,28
7076,14
7077,68
7078,71
7079,63
7080,87
7081,11
7082,61
7083,69
7084,16
7085,21
7086,56
7087,41
7088,86
7089,96
7090,60
7091,44
7092,20
7093,26
7094,7
7095,33
7096,10
7097,53
7098,90
7099,43
7100,62
7101,65
7102,78
7103,87
7104,61
7105,69
7106,4
7107,62
7108,17
7109,73
7110,79
7111,75
7112,9
7113,19
7114,83
7115,28
7116,71
7117,83
7118,24
7119,52
7120,29
7121,80
7122,19
7123,80
7124,15
7125,85
7126,8
7127,38
7128,8
7129,5
7130,39
7131,15
7132,8
7133,2
7134,42
7135,12
7136,85
7137,15
7138,98
7139,96
7140,29
7141,90
7142,50
7143,57
7144,44
7145,86
7146,65
7147,54
7148,88
7149,79
7150,7
7151,15
7152,90
7153,39
7154,77
7155,67
7156,24
7157,64
7158,56
7159,17
7160,26
7161,17
7162,42
7163,84
7164,51
7165,84
7166,8
7167,2
7168,53
7169,86
7170,54
7171,20
7172,91
7173,65
7174,16
7175,7
7176,36
7177,92
7178,86
7179,26
7180,22
7181,54
7182,68
7183,65
7184,5
7185,64
7186,46
7187,41
7188,85
7189,15
7190,25
7191,93
7192,7
7193,28
7194,56
7195,43
7196,63
7197,7
7198,93
7199,91
7200,53
7201,81
7202,28
7203,19
7204,62
7205,60
7206,8
7207,7
7208,88
7209,17
7210,14
7211,37
7212,19
7213,21
7214,52
7215,20
7216,9
7217,79
7218,33
7219,76
7220,24
7221,42
7222,78
7223,5
7224,31
7225,98
7226,78
7227,20
7228,0
7229,59
7230,90
7231,45
7232,33
7233,44
7234,89
7235,56
7236,40
7237,65
7238,50
7239,65
7240,80
7241,79
7242,47
7243,59
7244,26
7245,41
7246,85
7247,75
7248,38
7249,2
7250,8
7251,26
7252,16
7253,40
7254,87
7255,67
7256,65
7257,52
7258,42
7259,78
7260,26
7261,78
7262,19
7263,89
7264,17
7265,51
7266,63
7267,87
7268,82
7269,83
7270,56
7271,42
7272,10
7273,7
7274,65
7275,45
7276,6
7277,18
7278,46
7279,96
7280,8
7281,52
7282,14
7283,7
7284,63
7285,71
7286,22
7287,42
7288,18
7289,62
7290,40
7291,73
7292,16
7293,85
7294,2
7295,73
7296,82
7297,60
7298,6
7299,71
7300,70
7301,48
7302,65
7303,79
7304,98
7305,40
7306,94
7307,15
7308,18
7309,45
7310,98
7311,8
7312,95
7313,22
7314,16
7315,50
7316,62
7317,68
7318,9
7319,56
7320,8
7321,65
7322,83
7323,73
7324,12
7325,15
7326,0
7327,5
7328,2
7329,78
7330,42
7331,78
7332,61
7333,67
7334,87
7335,22
7336,76
7337,22
7338,47
7339,79
7340,8
7341,79
7342,41
7343,53
7344,82
7345,71
7346,58
7347,48
7348,9
7349,85
7350,99
7351,43
7352,84
7353,30
7354,61
7355,73
7356,38
7357,23
7358,80
7359,62
7360,49
7361,26
7362,8
7363,20
7364,22
7365,79
7366,79
7367,19
7368,49
7369,43
7370,57
7371,90
7372,56
7373,20
7374,68
7375,33
7376,32
7377,56
7378,54
7379,4
7380,1
7381,61
7382,98
7383,41
7384,41
7385,70
7386,24
7387,99
7388,17
7389,24
7390,22
7391,12
7392,45
7393,60
7394,42
7395,13
7396,73
7397,91
7398,77
7399,65
7400,4
7401,51
7402,7
7403,73
7404,44
7405,36
7406,99
7407,20
7408,44
7409,24
7410,97
7411,63
7412,73
7413,8
7414,46
7415,1
7416,99
7417,45
7418,86
7419,51
7420,18
7421,41
7422,60
7423,7
7424,8
7425,19
7426,17
7427,95
7428,60
7429,40
7430,41
7431,66
7432,11
7433,9
7434,22
7435,4
7436,18
7437,78
7438,79
7439,8
7440,79
7441,21
7442,12
7443,65
7444,7
7445,19
7446,12
7447,90
7448,71
7449,48
7450,78
7451,58
7452,78
7453,16
7454,84
7455,21
7456,83
7457,5
7458,37
7459,6
7460,79
7461,0
7462,65
7463,98
7464,7
7465,8
7466,53
7467,88
7468,27
7469,77
7470,86
7471,84
7472,6
7473,42
7474,58
7475,78
7476,51
7477,42
7478,60
7479,2
7480,42
7481,51
7482,49
7483,78
7484,79
7485,71
7486,73
7487,71
7488,44
7489,5
7490,8
7491,6
7492,23
7493,56
7494,86
7495,41
7496,21
7497,78
7498,8
7499,30
7500,75
7501,83
7502,98
7503,23
7504,65
7505,15
7506,29
7507,93
7508,5
7509,19
7510,12
7511,16
7512,8
7513,7
7514,22
7515,66
7516,79
7517,54
7518,26
7519,17
7520,4
7521,8
7522,85
7523,98
7524,1
7525,89
7526,15
7527,22
7528,52
7529,24
7530,79
7531,60
7532,22
7533,74
7534,33
7535,79
7536,24
7537,8
7538,42
7539,5
7540,62
7541,7
7542,77
7543,57
7544,86
7545,51
7546,73
7547,14
7548,63
7549,84
7550,92
7551,12
7552,49
7553,75
7554,18
7555,56
7556,27
7557,28
7558,65
7559,90
7560,29
7561,8
7562,2
7563,18
7564,25
7565,65
7566,56
7567,45
7568,12
7569,7
7570,43
7571,33
7572,65
7573,60
7574,57
7575,14
7576,61
7577,51
7578,13
7579,37
7580,15
7581,85
7582,0
7583,84
7584,63
7585,19
7586,70
7587,23
7588,9
7589,37
7590,8
7591,2
7592,98
7593,15
7594,98
7595,97
7596,8
7597,4
7598,62
7599,91
7600,22
7601,93
7602,68
7603,99
7604,27
7605,33
7606,96
7607,2
7608,2
7609,32
7610,1
7611,77
7612,2
7613,52
7614,23
7615,7
7616,49
7617,42
7618,57
7619,2
7620,97
7621,20
7622,78
7623,27
7624,60
7625,88
7626,17
7627,55
7628,48
7629,51
7630,63
7631,78
7632,12
7633,26
7634,8
7635,78
7636,8
7637,26
7638,41
7639,59
7640,78
7641,89
7642,88
7643,15
7644,78
7645,8
7646,73
7647,26
7648,26
7649,92
7650,77
7651,98
7652,44
7653,40
7654,87
7655,69
7656,17
7657,26
7658,1
7659,7
7660,14
7661,2
7662,63
7663,34
7664,8
7665,56
7666,56
7667,30
7668,88
7669,87
7670,10
7671,99
7672,39
7673,16
7674,8
7675,78
7676,42
7677,30
7678,16
7679,42
7680,2
7681,55
7682,29
7683,32
7684,10
7685,54
7686,94
7687,7
7688,78
7689,29
7690,30
7691,26
7692,75
7693,52
7694,28
7695,41
7696,79
7697,22
7698,58
7699,77
7700,19
7701,38
7702,89
7703,4
7704,36
7705,47
7706,41
7707,66
7708,27
7709,2
7710,85
7711,33
7712,7
7713,6
7714,14
7715,29
7716,33
7717,54
7718,53
7719,76
7720,79
7721,27
7722,26
7723,12
7724,45
7725,28
7726,89
7727,79
7728,84
7729,2
7730,2
7731,47
7732,95
7733,16
7734,28
7735,74
7736,5
7737,99
7738,18
7739,52
7740,62
7741,34
7742,14
7743,34
7744,83
7745,44
7746,41
7747,8
7748,45
7749,91
7750,65
7751,33
7752,20
7753,46
7754,80
7755,38
7756,46
7757,51
7758,62
7759,21
7760,1
7761,85
7762,2
7763,63
7764,27
7765,37
7766,91
7767,84
7768,84
7769,84
7770,5
7771,6
7772,8
7773,59
7774,85
7775,78
7776,48
7777,41
7778,89
7779,26
7780,48
7781,69
7782,98
7783,51
7784,85
7785,86
7786,26
7787,78
7788,28
7789,99
7790,6
7791,84
7792,34
7793,26
7794,2
7795,8
7796,86
7797,18
7798,44
7799,82
7800,27
7801,27
7802,9
7803,27
7804,48
7805,71
7806,24
7807,50
7808,61
7809,59
7810,10
7811,80
7812,31
7813,81
7814,78
7815,15
7816,79
7817,99
7818,44
7819,99
7820,7
7821,47
7822,8
7823,7
7824,46
7825,22
7826,79
7827,81
7828,78
7829,17
7830,99
7831,84
7832,1
7833,54
7834,6
7835,46
7836,71
7837,1
7838,42
7839,12
7840,48
7841,53
7842,63
7843,99
7844,48
7845,42
7846,79
7847,8
7848,82
7849,88
7850,89
7851,48
7852,84
7853,13
7854,8
7855,94
7856,28
7857,78
7858,0
7859,41
7860,78
7861,90
7862,54
7863,61
7864,17
7865,78
7866,77
7867,30
7868,56
7869,46
7870,18
7871,26
7872,79
7873,84
7874,44
7875,54
7876,54
7877,7
7878,41
7879,27
7880,15
7881,8
7882,26
7883,38
7884,85
7885,15
7886,21
7887,73
7888,85
7889,8
7890,5
7891,78
7892,17
7893,18
7894,18
7895,70
7896,21
7897,15
7898,98
7899,43
7900,51
7901,73
7902,19
7903,99
7904,4
7905,54
7906,47
7907,20
7908,98
7909,95
7910,77
7911,33
7912,87
7913,41
7914,16
7915,78
7916,76
7917,75
7918,51
7919,82
7920,47
7921,89
7922,27
7923,79
7924,20
7925,74
7926,97
7927,11
7928,98
7929,77
7930,89
7931,42
7932,91
7933,98
7934,59
7935,63
7936,43
7937,78
7938,91
7939,7
7940,99
7941,92
7942,63
7943,63
7944,54
7945,9
7946,49
7947,8
7948,28
7949,49
7950,1
7951,47
7952,8
7953,37
7954,91
7955,53
7956,86
7957,33
7958,26
7959,10
7960,8
7961,56
7962,10
7963,6
7964,22
7965,41
7966,94
7967,66
7968,58
7969,7
7970,67
7971,61
7972,4
7973,75
7974,97
7975,78
7976,15
7977,47
7978,49
7979,9
7980,45
7981,99
7982,24
7983,65
7984,54
7985,12
7986,78
7987,60
7988,79
7989,20
7990,16
7991,67
7992,55
7993,16
7994,48
7995,63
7996,95
7997,22
7998,90
7999,80
8000,18
8001,33
8002,89
8003,54
8004,50
8005,76
8006,75
8007,51
8008,96
8009,12
8010,45
8011,83
8012,14
8013,80
8014,85
8015,16
8016,98
8017,26
8018,7
8019,42
8020,25
8021,86
8022,87
8023,33
8024,65
8025,82
8026,44
8027,45
8028,68
8029,20
8030,54
8031,63
8032,33
8033,79
8034,5
8035,67
8036,2
8037,5
8038,85
8039,84
8040,24
8041,65
8042,65
8043,78
8044,84
8045,27
8046,18
8047,20
8048,99
8049,6
8050,82
8051,77
8052,7
8053,87
8054,78
8055,19
8056,78
8057,9
8058,28
8059,52
8060,48
8061,63
8062,10
8063,85
8064,92
8065,63
8066,37
8067,99
8068,2
8069,69
8070,23
8071,19
8072,42
8073,15
8074,8
8075,7
8076,90
8077,4
8078,22
8079,94
8080,44
8081,48
8082,7
8083,10
8084,85
8085,26
8086,33
8087,27
8088,71
8089,82
8090,56
8091,86
8092,16
8093,78
8094,78
8095,7
8096,15
8097,71
8098,45
8099,27
8100,5
8101,78
8102,34
8103,17
8104,85
8105,25
8106,27
8107,65
8108,6
8109,71
8110,6
8111,18
8112,53
8113,5
8114,12
8115,20
8116,61
8117,0
8118,46
8119,76
8120,73
8121,3
8122,78
8123,48
8124,26
8125,82
8126,97
8127,27
8128,14
8129,6
8130,6
8131,93
8132,33
8133,16
8134,42
8135,33
8136,9
8137,29
8138,7
8139,44
8140,51
8141,88
8142,85
8143,45
8144,62
8145,49
8146,33
8147,71
8148,5
8149,86
8150,19
8151,7
8152,77
8153,75
8154,23
8155,75
8156,20
8157,91
8158,21
8159,20
8160,39
8161,82
8162,28
8163,1
8164,65
8165,26
8166,39
8167,77
8168,21
8169,22
8170,2
8171,65
8172,47
8173,8
8174,22
8175,45
8176,54
8177,8
8178,47
8179,78
8180,33
8181,28
8182,15
8183,78
8184,38
8185,74
8186,2
8187,1
8188,28
8189,79
8190,75
8191,33
8192,23
8193,78
8194,44
8195,19
8196,2
8197,35
8198,42
8199,63
8200,7
8201,15
8202,65
8203,5
8204,69
8205,13
8206,82
8207,8
8208,78
8209,57
8210,27
8211,90
8212,34
8213,78
8214,8
8215,6
8216,8
8217,75
8218,69
8219,7
8220,41
8221,28
8222,27
8223,73
8224,97
8225,60
8226,13
8227,80
8228,60
8229,12
8230,78
8231,65
8232,97
8233,27
8234,19
8235,8
8236,24
8237,23
8238,62
8239,39
8240,7
8241,42
8242,19
8243,65
8244,76
8245,56
8246,17
8247,11
8248,82
8249,7
8250,12
8251,16
8252,22
8253,73
8254,14
8255,24
8256,2
8257,37
8258,72
8259,93
8260,44
8261,68
8262,34
8263,65
8264,34
8265,6
8266,71
8267,1
8268,49
8269,39
8270,75
8271,63
8272,38
8273,0
8274,52
8275,24
8276,88
8277,79
8278,43
8279,56
8280,58
8281,76
8282,34
8283,74
8284,37
8285,38
8286,28
8287,89
8288,48
8289,61
8290,33
8291,85
8292,84
8293,57
8294,1
8295,22
8296,15
8297,27
8298,54
8299,78
8300,61
8301,82
8302,98
8303,62
8304,87
8305,30
8306,44
8307,10
8308,84
8309,78
8310,7
8311,19
8312,82
8313,65
8314,78
8315,98
8316,9
8317,25
8318,48
8319,26
8320,88
8321,16
8322,29
8323,42
8324,7
8325,81
8326,47
8327,68
8328,22
8329,29
8330,58
8331,8
8332,5
8333,42
8334,79
8335,2
8336,24
8337,19
8338,78
8339,69
8340,18
8341,99
8342,32
8343,78
8344,39
8345,33
8346,41
8347,8
8348,56
8349,28
8350,85
8351,78
8352,42
8353,41
8354,62
8355,82
8356,90
8357,57
8358,65
8359,30
8360,2
8361,86
8362,86
8363,75
8364,98
8365,81
8366,44
8367,88
8368,82
8369,59
8370,85
8371,83
8372,44
8373,6
8374,65
8375,67
8376,89
8377,42
8378,42
8379,4
8380,33
8381,78
8382,6
8383,21
8384,25
8385,22
8386,39
8387,69
8388,34
8389,88
8390,5
8391,33
8392,55
8393,98
8394,67
8395,62
8396,77
8397,79
8398,75
8399,97
8400,2
8401,80
8402,42
8403,77
8404,62
8405,8
8406,74
8407,89
8408,89
8409,62
8410,71
8411,70
8412,54
8413,44
8414,71
8415,2
8416,11
8417,15
8418,63
8419,45
8420,33
8421,18
8422,88
8423,51
8424,89
8425,93
8426,9
8427,65
8428,33
8429,16
8430,79
8431,56
8432,57
8433,54
8434,39
8435,8
8436,9
8437,66
8438,7
8439,59
8440,6
8441,29
8442,76
8443,99
8444,97
8445,57
8446,78
8447,62
8448,33
8449,23
8450,21
8451,63
8452,55
8453,78
8454,50
8455,80
8456,62
8457,96
8458,8
8459,34
8460,29
8461,45
8462,80
8463,54
8464,41
8465,98
8466,22
8467,58
8468,25
8469,95
8470,98
8471,14
8472,86
8473,98
8474,28
8475,62
8476,53
8477,23
8478,51
8479,57
8480,86
8481,53
8482,20
8483,86
8484,7
8485,94
8486,86
8487,41
8488,34
8489,71
8490,34
8491,78
8492,84
8493,23
8494,8
8495,16
8496,1
8497,6
8498,47
8499,63
8500,6
8501,78
8502,28
8503,77
8504,98
8505,37
8506,40
8507,91
8508,39
8509,7
8510,42
8511,33
8512,0
8513,15
8514,70
8515,47
8516,57
8517,9
8518,83
8519,93
8520,17
8521,99
8522,80
8523,72
8524,78
8525,26
8526,60
8527,98
8528,51
8529,2
8530,7
8531,56
8532,69
8533,82
8534,34
8535,61
8536,6
8537,81
8538,47
8539,48
8540,33
8541,56
8542,21
8543,79
8544,33
8545,84
8546,97
8547,84
8548,33
8549,5
8550,1
8551,51
8552,75
8553,17
8554,49
8555,88
8556,92
8557,8
8558,8
8559,40
8560,34
8561,16
8562,46
8563,28
8564,99
8565,89
8566,7
8567,81
8568,15
8569,61
8570,62
8571,83
8572,62
8573,13
8574,26
8575,50
8576,99
8577,85
8578,19
8579,73
8580,91
8581,48
8582,89
8583,27
8584,69
8585,27
8586,41
8587,77
8588,8
8589,33
8590,0
8591,28
8592,42
8593,59
8594,81
8595,85
8596,18
8597,45
8598,58
8599,74
8600,77
8601,2
8602,88
8603,51
8604,87
8605,2
8606,15
8607,48
8608,27
8609,88
8610,14
8611,8
8612,85
8613,61
8614,88
8615,17
8616,40
8617,19
8618,90
8619,28
8620,85
8621,5
8622,22
8623,12
8624,76
8625,60
8626,29
8627,28
8628,63
8629,16
8630,51
8631,87
8632,25
8633,79
8634,18
8635,33
8636,63
8637,76
8638,76
8639,68
8640,82
8641,16
8642,18
8643,39
8644,49
8645,28
8646,50
8647,65
8648,11
8649,20
8650,97
8651,24
8652,44
8653,88
8654,68
8655,85
8656,71
8657,2
8658,38
8659,60
8660,15
8661,5
8662,18
8663,23
8664,47
8665,90
8666,24
8667,65
8668,83
8669,3
8670,15
8671,2
8672,45
8673,60
8674,14
8675,56
8676,14
8677,88
8678,86
8679,26
8680,28
8681,89
8682,6
8683,52
8684,43
8685,68
8686,26
8687,82
8688,16
8689,37
8690,28
8691,60
8692,94
8693,18
8694,48
8695,49
8696,0
8697,44
8698,63
8699,8
8700,84
8701,41
8702,20
8703,7
8704,6
8705,26
8706,58
8707,79
8708,40
8709,28
8710,8
8711,54
8712,22
8713,65
8714,70
8715,8
8716,98
8717,26
8718,85
8719,54
8720,16
8721,56
8722,58
8723,68
8724,32
8725,56
8726,2
8727,19
8728,8
8729,49
8730,78
8731,59
8732,62
8733,73
8734,59
8735,82
8736,44
8737,8
8738,8
8739,39
8740,95
8741,48
8742,5
8743,6
8744,53
8745,88
8746,21
8747,81
8748,97
8749,48
8750,62
8751,0
8752,23
8753,86
8754,7
8755,26
8756,19
8757,79
8758,18
8759,12
8760,71
8761,43
8762,79
8763,6
8764,63
8765,9
8766,89
8767,18
8768,68
8769,33
8770,99
8771,2
8772,28
8773,95
8774,48
8775,59
8776,6
8777,85
8778,45
8779,85
8780,23
8781,53
8782,86
8783,0
8784,16
8785,59
8786,2
8787,79
8788,23
8789,79
8790,65
8791,86
8792,34
8793,39
8794,6
8795,45
8796,69
8797,47
8798,62
8799,21
8800,78
8801,81
8802,42
8803,89
8804,86
8805,20
8806,35
8807,77
8808,29
8809,28
8810,7
8811,1
8812,67
8813,80
8814,64
8815,37
8816,78
8817,54
8818,15
8819,58
8820,77
8821,47
8822,48
8823,82
8824,81
8825,87
8826,70
8827,24
8828,26
8829,91
8830,14
8831,10
8832,1
8833,69
8834,36
8835,73
8836,90
8837,95
8838,80
8839,95
8840,42
8841,30
8842,65
8843,78
8844,95
8845,62
8846,89
8847,63
8848,93
8849,84
8850,42
8851,15
8852,61
8853,0
8854,99
8855,16
8856,73
8857,57
8858,21
8859,48
8860,9
8861,32
8862,84
8863,84
8864,54
8865,16
8866,20
8867,15
8868,92
8869,41
8870,33
8871,43
8872,78
8873,12
8874,73
8875,5
8876,67
8877,89
8878,39
8879,65
8880,70
8881,9
8882,62
8883,27
8884,41
8885,42
8886,58
8887,98
8888,24
8889,47
8890,43
8891,1
8892,9
8893,48
8894,72
8895,44
8896,6
8897,88
8898,70
8899,17
8900,86
8901,45
8902,46
8903,45
8904,19
8905,99
8906,9
8907,69
8908,57
8909,12
8910,20
8911,83
8912,29
8913,63
8914,38
8915,25
8916,42
8917,78
8918,47
8919,19
8920,37
8921,27
8922,9
8923,42
8924,8
8925,27
8926,37
8927,84
8928,12
8929,17
8930,47
8931,48
8932,68
8933,33
8934,61
8935,6
8936,33
8937,51
8938,41
8939,44
8940,34
8941,45
8942,41
8943,23
8944,99
8945,36
8946,16
8947,6
8948,79
8949,99
8950,28
8951,12
8952,82
8953,62
8954,27
8955,56
8956,5
8957,21
8958,95
8959,70
8960,36
8961,60
8962,89
8963,45
8964,88
8965,30
8966,84
8967,23
8968,44
8969,60
8970,45
8971,45
8972,89
8973,63
8974,59
8975,39
8976,99
8977,4
8978,8
8979,20
8980,90
8981,22
8982,96
8983,45
8984,44
8985,20
8986,90
8987,15
8988,94
8989,11
8990,55
8991,33
8992,30
8993,95
8994,20
8995,16
8996,85
8997,46
8998,10
8999,8
9000,46
9001,16
9002,86
9003,56
9004,56
9005,91
9006,96
9007,33
9008,33
9009,90
9010,63
9011,20
9012,28
9013,20
9014,44
9015,19
9016,8
9017,59
9018,25
9019,23
9020,63
9021,86
9022,33
9023,5
9024,18
9025,65
9026,51
9027,22
9028,65
9029,85
9030,26
9031,57
9032,99
9033,91
9034,37
9035,58
9036,26
9037,1
9038,1
9039,71
9040,54
9041,28
9042,89
9043,91
9044,16
9045,61
9046,40
9047,15
9048,99
9049,82
9050,22
9051,81
9052,75
9053,9
9054,15
9055,80
9056,28
9057,69
9058,27
9059,78
9060,20
9061,36
9062,2
9063,28
9064,41
9065,53
9066,13
9067,88
9068,44
9069,48
9070,52
9071,35
9072,5
9073,93
9074,31
9075,93
9076,30
9077,14
9078,54
9079,62
9080,33
9081,79
9082,47
9083,6
9084,5
9085,78
9086,60
9087,51
9088,6
9089,22
9090,38
9091,86
9092,20
9093,93
9094,86
9095,36
9096,82
9097,88
9098,97
9099,86
9100,77
9101,78
9102,51
9103,15
9104,4
9105,30
9106,42
9107,43
9108,94
9109,79
9110,25
9111,15
9112,43
9113,78
9114,19
9115,62
9116,32
9117,52
9118,48
9119,81
9120,2
9121,58
9122,16
9123,17
9124,84
9125,1
9126,8
9127,15
9128,5
9129,41
9130,8
9131,5
9132,81
9133,94
9134,7
9135,90
9136,98
9137,44
9138,48
9139,33
9140,40
9141,83
9142,39
9143,8
9144,61
9145,16
9146,64
9147,15
9148,78
9149,38
9150,88
9151,21
9152,46
9153,83
9154,5
9155,17
9156,30
9157,82
9158,22
9159,95
9160,10
9161,56
9162,30
9163,67
9164,80
9165,8
9166,81
9167,2
9168,31
9169,49
9170,34
9171,36
9172,1
9173,36
9174,14
9175,62
9176,33
9177,15
9178,37
9179,78
9180,31
9181,55
9182,70
9183,85
9184,15
9185,19
9186,56
9187,9
9188,46
9189,86
9190,54
9191,51
9192,38
9193,6
9194,41
9195,10
9196,38
9197,88
9198,44
9199,70
9200,37
9201,86
9202,37
9203,26
9204,51
9205,23
9206,28
9207,37
9208,95
9209,55
9210,2
9211,8
9212,67
9213,6
9214,78
9215,8
9216,87
9217,15
9218,69
9219,23
9220,93
9221,4
9222,16
9223,12
9224,73
9225,95
9226,75
9227,62
9228,7
9229,27
9230,5
9231,78
9232,78
9233,15
9234,22
9235,90
9236,61
9237,27
9238,43
9239,66
9240,89
9241,7
9242,12
9243,77
9244,78
9245,15
9246,28
9247,45
9248,33
9249,79
9250,23
9251,66
9252,91
9253,37
9254,2
9255,38
9256,8
9257,81
9258,19
9259,89
9260,52
9261,71
9262,79
9263,53
9264,13
9265,78
9266,84
9267,99
9268,20
9269,99
9270,36
9271,94
9272,50
9273,66
9274,56
9275,86
9276,47
9277,63
9278,48
9279,4
9280,4
9281,53
9282,42
9283,9
9284,50
9285,7
9286,38
9287,65
9288,96
9289,15
9290,28
9291,34
9292,88
9293,12
9294,43
9295,73
9296,75
9297,68
9298,18
9299,50
9300,84
9301,79
9302,20
9303,43
9304,11
9305,30
9306,68
9307,85
9308,68
9309,54
9310,6
9311,41
9312,94
9313,62
9314,38
9315,88
9316,96
9317,20
9318,9
9319,99
9320,51
9321,96
9322,22
9323,77
9324,87
9325,38
9326,33
9327,8
9328,12
9329,90
9330,41
9331,47
9332,27
9333,4
9334,46
9335,12
9336,8
9337,8
9338,40
9339,20
9340,26
9341,99
9342,64
9343,15
9344,33
9345,19
9346,88
9347,78
9348,65
9349,31
9350,15
9351,8
9352,96
9353,62
9354,61
9355,14
9356,86
9357,69
9358,24
9359,56
9360,61
9361,83
9362,94
9363,86
9364,84
9365,37
9366,86
9367,31
9368,78
9369,8
9370,26
9371,26
9372,4
9373,24
9374,8
9375,2
9376,45
9377,88
9378,98
9379,99
9380,47
9381,5
9382,85
9383,6
9384,15
9385,43
9386,60
9387,12
9388,66
9389,84
9390,5
9391,85
9392,41
9393,80
9394,87
9395,48
9396,48
9397,97
9398,61
9399,33
9400,29
9401,20
9402,89
9403,15
9404,71
9405,23
9406,73
9407,34
9408,23
9409,79
9410,73
9411,77
9412,2
9413,20
9414,99
9415,91
9416,8
9417,17
9418,93
9419,7
9420,15
9421,24
9422,91
9423,43
9424,28
9425,1
9426,59
9427,71
9428,73
9429,16
9430,78
9431,94
9432,73
9433,60
9434,90
9435,73
9436,7
9437,77
9438,87
9439,78
9440,28
9441,44
9442,38
9443,6
9444,24
9445,62
9446,27
9447,60
9448,7
9449,2
9450,84
9451,77
9452,55
9453,5
9454,97
9455,18
9456,9
9457,71
9458,2
9459,42
9460,20
9461,88
9462,26
9463,21
9464,79
9465,91
9466,19
9467,18
9468,95
9469,57
9470,48
9471,78
9472,47
9473,27
9474,52
9475,34
9476,6
9477,62
9478,8
9479,44
9480,57
9481,8
9482,54
9483,62
9484,31
9485,13
9486,1
9487,82
9488,12
9489,73
9490,46
9491,41
9492,63
9493,96
9494,53
9495,33
9496,78
9497,79
9498,42
9499,44
9500,78
9501,17
9502,15
9503,99
9504,6
9505,68
9506,8
9507,40
9508,40
9509,19
9510,20
9511,26
9512,51
9513,39
9514,84
9515,95
9516,82
9517,84
9518,28
9519,48
9520,42
9521,45
9522,73
9523,48
9524,22
9525,69
9526,51
9527,21
9528,35
9529,29
9530,12
9531,46
9532,68
9533,63
9534,6
9535,73
9536,29
9537,5
9538,65
9539,77
9540,78
9541,50
9542,4
9543,99
9544,48
9545,69
9546,17
9547,32
9548,5
9549,19
9550,41
9551,39
9552,25
9553,86
9554,19
9555,84
9556,61
9557,78
9558,92
9559,80
9560,61
9561,67
9562,42
9563,0
9564,28
9565,60
9566,17
9567,68
9568,58
9569,79
9570,49
9571,61
9572,98
9573,48
9574,99
9575,19
9576,24
9577,78
9578,20
9579,41
9580,78
9581,29
9582,13
9583,88
9584,86
9585,64
9586,66
9587,95
9588,63
9589,57
9590,73
9591,6
9592,81
9593,44
9594,88
9595,91
9596,41
9597,5
9598,8
9599,88
9600,82
9601,5
9602,47
9603,0
9604,42
9605,92
9606,66
9607,20
9608,65
9609,8
9610,93
9611,7
9612,56
9613,33
9614,58
9615,33
9616,93
9617,87
9618,19
9619,30
9620,28
9621,78
9622,70
9623,8
9624,78
9625,86
9626,98
9627,67
9628,79
9629,10
9630,2
9631,5
9632,47
9633,0
9634,71
9635,67
9636,42
9637,16
9638,76
9639,12
9640,19
9641,99
9642,1
9643,17
9644,53
9645,22
9646,54
9647,16
9648,92
9649,89
9650,79
9651,70
9652,89
9653,97
9654,79
9655,64
9656,44
9657,11
9658,80
9659,44
9660,58
9661,39
9662,16
9663,4
9664,99
9665,78
9666,42
9667,76
9668,60
9669,70
9670,12
9671,19
9672,8
9673,99
9674,50
9675,54
9676,75
9677,7
9678,18
9679,93
9680,78
9681,88
9682,39
9683,17
9684,86
9685,65
9686,8
9687,29
9688,54
9689,76
9690,65
9691,70
9692,7
9693,7
9694,67
9695,64
9696,0
9697,9
9698,84
9699,99
9700,22
9701,2
9702,99
9703,26
9704,8
9705,56
9706,26
9707,20
9708,15
9709,26
9710,65
9711,9
9712,21
9713,44
9714,40
9715,95
9716,2
9717,95
9718,29
9719,26
9720,82
9721,16
9722,96
9723,8
9724,44
9725,86
9726,46
9727,81
9728,87
9729,99
9730,58
9731,86
9732,48
9733,23
9734,71
9735,45
9736,73
9737,77
9738,44
9739,17
9740,63
9741,45
9742,10
9743,78
9744,26
9745,51
9746,24
9747,48
9748,36
9749,44
9750,67
9751,96
9752,8
9753,73
9754,48
9755,7
9756,43
9757,86
9758,4
9759,2
9760,64
9761,50
9762,2
9763,81
9764,23
9765,43
9766,66
9767,28
9768,43
9769,18
9770,98
9771,0
9772,28
9773,86
9774,2
9775,98
9776,58
9777,57
9778,33
9779,46
9780,41
9781,20
9782,35
9783,32
9784,95
9785,10
9786,49
9787,28
9788,20
9789,40
9790,86
9791,44
9792,91
9793,31
9794,79
9795,88
9796,52
9797,37
9798,55
9799,61
9800,87
9801,93
9802,2
9803,46
9804,91
9805,98
9806,30
9807,75
9808,99
9809,26
9810,61
9811,98
9812,25
9813,18
9814,41
9815,85
9816,83
9817,41
9818,85
9819,30
9820,47
9821,78
9822,20
9823,88
9824,79
9825,93
9826,67
9827,91
9828,62
9829,63
9830,33
9831,26
9832,7
9833,18
9834,88
9835,78
9836,73
9837,95
9838,23
9839,29
9840,19
9841,98
9842,8
9843,38
9844,64
9845,89
9846,98
9847,63
9848,33
9849,39
9850,65
9851,86
9852,85
9853,33
9854,33
9855,42
9856,27
9857,18
9858,88
9859,45
9860,45
9861,98
9862,83
9863,84
9864,7
9865,77
9866,22
9867,50
9868,38
9869,16
9870,79
9871,33
9872,65
9873,82
9874,9
9875,11
9876,96
9877,56
9878,6
9879,74
9880,56
9881,11
9882,8
9883,85
9884,5
9885,46
9886,89
9887,33
9888,78
9889,88
9890,61
9891,77
9892,92
9893,21
9894,33
9895,19
9896,36
9897,86
9898,56
9899,8
9900,42
9901,69
9902,24
9903,85
9904,36
9905,63
9906,48
9907,85
9908,49
9909,87
9910,51
9911,65
9912,78
9913,27
9914,90
9915,58
9916,85
9917,66
9918,12
9919,68
9920,7
9921,24
9922,7
9923,26
9924,22
9925,78
9926,55
9927,16
9928,55
9929,91
9930,51
9931,1
9932,22
9933,27
9934,16
9935,9
9936,91
9937,65
9938,80
9939,79
9940,57
9941,71
9942,55
9943,47
9944,58
9945,19
9946,34
9947,73
9948,5
9949,73
9950,8
9951,22
9952,93
9953,95
9954,12
9955,56
9956,78
9957,99
9958,40
9959,8
9960,15
9961,47
9962,78
9963,34
9964,65
9965,53
9966,56
9967,78
9968,25
9969,42
9970,8
9971,48
9972,2
9973,93
9974,76
9975,98
9976,95
9977,61
9978,17
9979,1
9980,97
9981,77
9982,90
9983,71
9984,79
9985,89
9986,80
9987,2
9988,26
9989,53
9990,32
9991,7
9992,52
9993,52
9994,99
9995,99
9996,6
9997,66
9998,88
9999,24
